Holdings details,,,,,,,,,
,,,,,,,,,
Small-Cap Growth ETF (VBK),,,,,,,,,
,,,,,,,,,
,,,,,,,,,
Equity,as of 02/29/2024,,,,,,,,
,,,,,,,,,
,SEDOL,HOLDINGS,TICKER,% OF FUNDS*,SECTOR,COUNTRY,SECURITYDEPOSITORYRECEIPTTYPE,MARKET VALUE*,SHARES
,B1VQR35,Super Micro Computer Inc,SMCI,1.59%,"Technology Hardware, Storage & Peripherals",US,---,"$556,633,671.00 ","642,675"
,BL3LWS8,Vertiv Holdings Co,VRT,0.96%,Electrical Equipment,US,---,"$335,670,345.78 ","4,964,069"
,2267278,Deckers Outdoor Corp,DECK,0.95%,"Textiles, Apparel & Luxury Goods",US,---,"$333,233,813.97 ","372,083"
,B55PZY3,Targa Resources Corp,TRGP,0.91%,"Oil, Gas & Consumable Fuels",US,---,"$316,803,959.04 ","3,224,796"
,BDT5S35,Axon Enterprise Inc,AXON,0.91%,Aerospace & Defense,US,---,"$316,430,960.23 ","1,029,479"
,B95N910,PTC Inc,PTC,0.86%,Software,US,---,"$299,860,603.93 ","1,638,493"
,2599700,Entegris Inc,ENTG,0.83%,Semiconductors & Semiconductor Equipment,US,---,"$291,755,350.20 ","2,171,445"
,BLDDH12,DraftKings Inc,DKNG,0.75%,"Hotels, Restaurants & Leisure",US,---,"$262,854,366.84 ","6,067,737"
,BYZ62T3,Pure Storage Inc. Class A,PSTG,0.65%,"Technology Hardware, Storage & Peripherals",US,---,"$225,626,941.80 ","4,285,412"
,2239471,Manhattan Associates Inc,MANH,0.65%,Software,US,---,"$225,551,605.51 ","890,347"
,2380443,Graco Inc,GGG,0.64%,Machinery,US,---,"$222,613,803.36 ","2,439,336"
,2982399,Saia Inc,SAIA,0.63%,Ground Transportation,US,---,"$220,895,484.60 ","383,899"
,BPLYVN5,Liberty Media Corp-Liberty Formula One,FWONK,0.63%,Entertainment,US,---,"$218,971,001.72 ","3,009,497"
,BYQBFT8,Nutanix Inc,NTNX,0.63%,Software,US,---,"$218,845,484.08 ","3,464,938"
,2442053,Lennox International Inc,LII,0.62%,Building Products,US,---,"$217,950,646.14 ","462,534"
,2516851,Lincoln Electric Holdings Inc,LECO,0.61%,Machinery,US,---,"$212,232,320.40 ","827,094"
,BMWGSD8,RB Global Inc,RBA,0.57%,Commercial Services & Supplies,US,---,"$200,166,699.45 ","2,636,895"
,2641838,Nordson Corp,NDSN,0.56%,Machinery,US,---,"$197,168,352.15 ","742,211"
,BJV2RD9,Dynatrace Inc,DT,0.54%,Software,US,---,"$189,875,550.45 ","3,831,999"
,2604336,Charles River Laboratories International Inc,CRL,0.54%,Life Sciences Tools & Services,US,---,"$188,575,681.11 ","741,869"
,2623911,Neurocrine Biosciences Inc,NBIX,0.53%,Biotechnology,US,---,"$185,269,842.40 ","1,420,781"
,BZ0P3W2,TopBuild Corp,BLD,0.53%,Household Durables,US,---,"$184,849,750.58 ","459,391"
,BYQHP96,Floor & Decor Holdings Inc,FND,0.51%,Specialty Retail,US,---,"$177,325,978.24 ","1,464,052"
,2943039,Watsco Inc,WSO,0.51%,Trading Companies & Distributors,US,---,"$177,233,793.40 ","449,695"
,BP7RS59,Advanced Drainage Systems Inc,WMS,0.50%,Building Products,US,---,"$174,695,856.72 ","1,070,178"
,BSHZ3Q0,Bio-Techne Corp,TECH,0.48%,Life Sciences Tools & Services,US,---,"$168,273,276.78 ","2,287,254"
,BCF5RR9,American Homes 4 Rent,AMH,0.47%,Residential REITs,US,---,"$164,502,936.24 ","4,444,824"
,B8DPDT7,Sarepta Therapeutics Inc,SRPT,0.47%,Biotechnology,US,---,"$164,358,790.30 ","1,285,057"
,BD1MGQ3,Kinsale Capital Group Inc,KNSL,0.47%,Insurance,US,---,"$164,342,420.76 ","318,382"
,2179414,Casey's General Stores Inc,CASY,0.47%,Consumer Staples Distribution & Retail,US,---,"$164,173,091.26 ","539,174"
,B19HX21,Celsius Holdings Inc,CELH,0.47%,Beverages,US,---,"$164,078,074.16 ","2,010,268"
,2563125,Equity LifeStyle Properties Inc,ELS,0.47%,Residential REITs,US,---,"$163,394,997.48 ","2,427,139"
,BDDQ975,elf Beauty Inc,ELF,0.45%,Personal Care Products,US,---,"$158,130,801.36 ","758,312"
,B85KFY9,Five Below Inc,FIVE,0.44%,Specialty Retail,US,---,"$153,526,019.72 ","765,029"
,2506658,Lattice Semiconductor Corp,LSCC,0.44%,Semiconductors & Semiconductor Equipment,US,---,"$152,935,547.07 ","1,996,287"
,2719951,Exact Sciences Corp,EXAS,0.43%,Biotechnology,US,---,"$150,444,516.86 ","2,615,062"
,BFX1V56,Dayforce Inc,DAY,0.43%,Professional Services,US,---,"$149,671,893.76 ","2,145,526"
,BC9ZHL9,Rexford Industrial Realty Inc,REXR,0.43%,Industrial REITs,US,---,"$149,415,327.36 ","2,936,622"
,2311711,Erie Indemnity Co,ERIE,0.43%,Insurance,US,---,"$149,404,301.60 ","367,195"
,BYYXHN4,Wingstop Inc,WING,0.43%,"Hotels, Restaurants & Leisure",US,---,"$149,364,402.95 ","425,479"
,2731654,Repligen Corp,RGEN,0.43%,Life Sciences Tools & Services,US,---,"$148,798,283.59 ","767,041"
,BFXCLC6,Elastic NV,ESTC,0.42%,Software,US,---,"$147,348,360.56 ","1,101,176"
,2816023,A O Smith Corp,AOS,0.42%,Building Products,US,---,"$147,172,867.40 ","1,775,306"
,2963811,Wynn Resorts Ltd,WYNN,0.42%,"Hotels, Restaurants & Leisure",US,---,"$146,073,671.60 ","1,388,533"
,B033TJ7,Texas Roadhouse Inc,TXRH,0.41%,"Hotels, Restaurants & Leisure",US,---,"$144,343,251.39 ","966,347"
,2483074,Trex Co Inc,TREX,0.41%,Building Products,US,---,"$144,076,321.68 ","1,570,143"
,BYQRG48,Natera Inc,NTRA,0.41%,Biotechnology,US,---,"$142,764,632.01 ","1,650,649"
,B6SW913,CubeSmart,CUBE,0.41%,Specialized REITs,US,---,"$141,878,419.06 ","3,253,346"
,B7JYSG3,Guidewire Software Inc,GWRE,0.40%,Software,US,---,"$141,414,319.80 ","1,184,970"
,BDCBC61,Medpace Holdings Inc,MEDP,0.40%,Life Sciences Tools & Services,US,---,"$141,157,761.92 ","355,096"
,BZ8VJQ8,Vistra Corp,VST,0.40%,Independent Power and Renewable Electricity Producers,US,---,"$140,917,070.52 ","2,583,738"
,BP0TQN6,Robinhood Markets Inc,HOOD,0.40%,Capital Markets,US,---,"$139,241,046.98 ","8,537,158"
,BHLNZ89,Shockwave Medical Inc,SWAV,0.40%,Health Care Equipment & Supplies,US,---,"$139,213,797.24 ","533,652"
,2897040,Toro Co/The,TTC,0.40%,Machinery,US,---,"$138,636,696.60 ","1,501,860"
,BMV3LG4,AppLovin Corp,APP,0.39%,Software,US,---,"$137,144,830.08 ","2,296,464"
,2190084,Chemed Corp,CHE,0.39%,Health Care Providers & Services,US,---,"$136,290,969.36 ","217,672"
,2974329,MicroStrategy Inc,MSTR,0.39%,Software,US,---,"$135,900,659.44 ","132,866"
,B8383P2,WEX Inc,WEX,0.39%,Financial Services,US,---,"$135,827,857.34 ","618,158"
,BP6D7B7,Toast Inc,TOST,0.38%,Financial Services,US,---,"$134,377,086.00 ","5,842,482"
,BZ0W624,BWX Technologies Inc,BWXT,0.38%,Aerospace & Defense,US,---,"$133,527,051.57 ","1,324,279"
,BNXKS92,Core & Main Inc,CNM,0.38%,Trading Companies & Distributors,US,---,"$132,342,737.01 ","2,772,737"
,2241205,Curtiss-Wright Corp,CW,0.37%,Aerospace & Defense,US,---,"$130,762,686.42 ","553,446"
,BKZ7N95,Onto Innovation Inc,ONTO,0.37%,Semiconductors & Semiconductor Equipment,US,---,"$130,728,554.24 ","709,864"
,BDSFG98,TechnipFMC PLC,FTI,0.37%,Energy Equipment & Services,US,---,"$129,808,056.24 ","5,984,696"
,2216991,Tempur Sealy International Inc,TPX,0.37%,Household Durables,US,---,"$128,956,036.43 ","2,367,469"
,BMWWGB0,Caesars Entertainment Inc,CZR,0.37%,"Hotels, Restaurants & Leisure",US,---,"$128,838,124.80 ","2,963,840"
,2809250,Simpson Manufacturing Co Inc,SSD,0.37%,Building Products,US,---,"$128,821,294.20 ","617,315"
,2202473,Clean Harbors Inc,CLH,0.37%,Commercial Services & Supplies,US,---,"$128,226,625.50 ","704,155"
,2191399,Eagle Materials Inc,EXP,0.37%,Construction Materials,US,---,"$127,987,983.20 ","504,784"
,2954194,Vail Resorts Inc,MTN,0.36%,"Hotels, Restaurants & Leisure",US,---,"$126,883,997.37 ","550,927"
,BMHL0Z4,WillScot Mobile Mini Holdings Corp,WSC,0.36%,Construction & Engineering,US,---,"$125,716,916.25 ","2,632,815"
,BMD02L5,UiPath Inc,PATH,0.36%,Software,US,---,"$124,749,630.00 ","5,252,616"
,BZ0V201,Penumbra Inc,PEN,0.36%,Health Care Equipment & Supplies,US,---,"$124,595,695.00 ","530,375"
,BWTN5N1,Etsy Inc,ETSY,0.36%,Broadline Retail,US,---,"$124,151,594.96 ","1,731,784"
,2366799,Gentex Corp,GNTX,0.35%,Automobile Components,US,---,"$123,303,362.00 ","3,375,400"
,B1FLZ21,Ciena Corp,CIEN,0.35%,Communications Equipment,US,---,"$121,861,929.42 ","2,138,679"
,2428042,Skechers USA Inc,SKX,0.34%,"Textiles, Apparel & Luxury Goods",US,---,"$119,484,045.66 ","1,933,086"
,2194105,Churchill Downs Inc,CHDN,0.34%,"Hotels, Restaurants & Leisure",US,---,"$118,386,102.31 ","971,413"
,BN7CQS9,Blue Owl Capital Inc,OWL,0.34%,Capital Markets,US,---,"$118,377,431.16 ","6,591,171"
,BMCM6P4,Duolingo Inc,DUOL,0.34%,Diversified Consumer Services,US,---,"$117,599,472.00 ","492,048"
,B03Q9D0,MarketAxess Holdings Inc,MKTX,0.33%,Capital Markets,US,---,"$117,006,514.11 ","548,271"
,B0GLYB5,RBC Bearings Inc,RBC,0.33%,Machinery,US,---,"$114,768,667.80 ","420,660"
,2277880,Universal Display Corp,OLED,0.32%,Semiconductors & Semiconductor Equipment,US,---,"$113,545,501.38 ","650,989"
,B4JSZL8,Fabrinet,FN,0.32%,"Electronic Equipment, Instruments & Components",US,---,"$113,299,711.74 ","525,582"
,BYQHPG3,Carvana Co,CVNA,0.32%,Specialty Retail,US,---,"$112,721,729.64 ","1,484,548"
,2616137,Bruker Corp,BRKR,0.32%,Life Sciences Tools & Services,US,---,"$112,639,944.76 ","1,301,594"
,BM8J4C2,SoFi Technologies Inc,SOFI,0.32%,Consumer Finance,US,---,"$112,046,198.90 ","12,477,305"
,BMF9NM8,Affirm Holdings Inc,AFRM,0.32%,Financial Services,US,---,"$111,679,405.60 ","2,976,530"
,B081VR8,Morningstar Inc,MORN,0.32%,Capital Markets,US,---,"$110,705,228.40 ","370,760"
,2319414,EQT Corp,EQT,0.32%,"Oil, Gas & Consumable Fuels",US,---,"$110,561,409.15 ","2,976,081"
,BYQ7X81,SiteOne Landscape Supply Inc,SITE,0.31%,Trading Companies & Distributors,US,---,"$109,952,912.16 ","652,617"
,BN70ZC0,BellRing Brands Inc,BRBR,0.31%,Personal Care Products,US,---,"$107,891,831.95 ","1,894,501"
,BLNN369,Weatherford International PLC,WFRD,0.31%,Energy Equipment & Services,US,---,"$107,070,559.31 ","1,043,471"
,BDQZFJ3,Lamb Weston Holdings Inc,LW,0.31%,Food Products,US,---,"$107,018,367.24 ","1,047,044"
,2781585,Pool Corp,POOL,0.30%,Distributors,US,---,"$105,816,314.80 ","265,790"
,2567503,Host Hotels & Resorts Inc,HST,0.30%,Hotel & Resort REITs,US,---,"$105,689,816.34 ","5,095,941"
,BLH11J8,Procore Technologies Inc,PCOR,0.30%,Software,US,---,"$105,270,429.06 ","1,349,102"
,B3SKZK7,Americold Realty Trust Inc,COLD,0.30%,Industrial REITs,US,---,"$103,765,217.60 ","4,101,392"
,BKM4N88,Paylocity Holding Corp,PCTY,0.29%,Professional Services,US,---,"$102,761,050.60 ","609,460"
,BBBSBJ5,Cytokinetics Inc,CYTK,0.29%,Biotechnology,US,---,"$102,455,897.04 ","1,418,271"
,BP8XZL1,HealthEquity Inc,HQY,0.29%,Health Care Providers & Services,US,---,"$102,330,741.81 ","1,238,721"
,BKPVGH6,Vaxcyte Inc,PCVX,0.29%,Biotechnology,US,---,"$101,906,295.40 ","1,380,470"
,B1YWPP8,Ensign Group Inc/The,ENSG,0.29%,Health Care Providers & Services,US,---,"$101,886,375.96 ","815,613"
,B0T7Z62,Crocs Inc,CROX,0.29%,"Textiles, Apparel & Luxury Goods",US,---,"$101,755,887.75 ","832,359"
,B6197Q2,Generac Holdings Inc,GNRC,0.29%,Electrical Equipment,US,---,"$99,971,210.54 ","888,554"
,BKLJ8V2,Howmet Aerospace Inc,HWM,0.28%,Aerospace & Defense,US,---,"$99,136,274.05 ","1,489,651"
,2503994,Landstar System Inc,LSTR,0.28%,Ground Transportation,US,---,"$98,818,219.80 ","519,549"
,BKPVG43,AZEK Co Inc/The,AZEK,0.28%,Building Products,US,---,"$98,727,878.08 ","2,052,128"
,2576941,Exelixis Inc,EXEL,0.28%,Biotechnology,US,---,"$98,567,169.60 ","4,500,784"
,B57VWJ3,SPS Commerce Inc,SPSC,0.28%,Software,US,---,"$98,299,962.72 ","530,892"
,B5B82X4,Hyatt Hotels Corp,H,0.28%,"Hotels, Restaurants & Leisure",US,---,"$98,275,943.81 ","639,859"
,2208288,Cognex Corp,CGNX,0.28%,"Electronic Equipment, Instruments & Components",US,---,"$98,241,506.55 ","2,490,279"
,B7MSLL8,Matador Resources Co,MTDR,0.28%,"Oil, Gas & Consumable Fuels",US,---,"$97,941,418.95 ","1,550,933"
,BMTVT22,Gitlab Inc,GTLB,0.28%,Software,US,---,"$97,746,327.48 ","1,355,329"
,2250289,Darling Ingredients Inc,DAR,0.28%,Food Products,US,---,"$97,630,155.76 ","2,307,496"
,2755706,Royal Gold Inc,RGLD,0.28%,Metals & Mining,US,---,"$97,554,638.61 ","950,547"
,B8QV5C9,Ryman Hospitality Properties Inc,RHP,0.28%,Hotel & Resort REITs,US,---,"$97,106,563.44 ","819,603"
,BN2RYW9,NOV Inc,NOV,0.28%,Energy Equipment & Services,US,---,"$96,306,373.80 ","5,698,602"
,B7MJWP2,Bright Horizons Family Solutions Inc,BFAM,0.28%,Diversified Consumer Services,US,---,"$96,232,579.50 ","837,825"
,BYQ3PM7,Houlihan Lokey Inc,HLI,0.27%,Capital Markets,US,---,"$95,972,383.08 ","745,938"
,BP7L1B8,SentinelOne Inc,S,0.27%,Software,US,---,"$93,759,704.01 ","3,328,353"
,B1YWR63,Masimo Corp,MASI,0.27%,Health Care Equipment & Supplies,US,---,"$93,358,087.84 ","726,296"
,BMG9GG2,Civitas Resources Inc,CIVI,0.27%,"Oil, Gas & Consumable Fuels",US,---,"$93,210,572.96 ","1,357,172"
,B7D65M0,Globus Medical Inc,GMED,0.26%,Health Care Equipment & Supplies,US,---,"$92,322,846.01 ","1,709,999"
,2721967,Rambus Inc,RMBS,0.26%,Semiconductors & Semiconductor Equipment,US,---,"$92,158,364.72 ","1,555,678"
,BHCB0P4,Intra-Cellular Therapies Inc,ITCI,0.26%,Pharmaceuticals,US,---,"$91,930,397.68 ","1,322,359"
,BF108P4,Wyndham Hotels & Resorts Inc,WH,0.26%,"Hotels, Restaurants & Leisure",US,---,"$91,774,493.65 ","1,198,883"
,2469193,Jack Henry & Associates Inc,JKHY,0.26%,Financial Services,US,---,"$91,444,029.72 ","526,236"
,BNXH3Z4,Confluent Inc,CFLT,0.26%,Software,US,---,"$91,327,847.01 ","2,696,423"
,2526117,ATI Inc,ATI,0.26%,Metals & Mining,US,---,"$90,770,640.76 ","1,845,682"
,2416779,Hexcel Corp,HXL,0.26%,Aerospace & Defense,US,---,"$90,611,490.90 ","1,216,915"
,BYTQ6X1,Apellis Pharmaceuticals Inc,APLS,0.26%,Biotechnology,US,---,"$90,298,036.25 ","1,457,125"
,BD8S5H8,Novanta Inc,NOVT,0.26%,"Electronic Equipment, Instruments & Components",US,---,"$89,575,310.64 ","517,956"
,BDJ0LS6,Ionis Pharmaceuticals Inc,IONS,0.26%,Biotechnology,US,---,"$89,151,136.14 ","1,971,934"
,BNNTGF1,GXO Logistics Inc,GXO,0.25%,Air Freight & Logistics,US,---,"$89,100,181.60 ","1,721,410"
,B19HNF4,Chart Industries Inc,GTLS,0.25%,Machinery,US,---,"$88,345,624.02 ","618,407"
,BMW7N69,ChampionX Corp,CHX,0.25%,Energy Equipment & Services,US,---,"$87,546,337.20 ","2,818,620"
,BG0T321,Dropbox Inc,DBX,0.25%,Software,US,---,"$87,167,653.60 ","3,639,568"
,B7XJTN8,Qualys Inc,QLYS,0.25%,Software,US,---,"$86,782,253.74 ","504,959"
,2531832,Littelfuse Inc,LFUS,0.25%,"Electronic Equipment, Instruments & Components",US,---,"$85,702,551.68 ","359,732"
,BMWF095,ZoomInfo Technologies Inc,ZI,0.24%,Interactive Media & Services,US,---,"$85,054,854.72 ","5,074,872"
,BJSP4C9,Installed Building Products Inc,IBP,0.24%,Household Durables,US,---,"$83,469,000.85 ","349,345"
,BKM5C62,Option Care Health Inc,OPCH,0.24%,Health Care Providers & Services,US,---,"$82,722,499.23 ","2,563,449"
,BWY52P3,Blueprint Medicines Corp,BPMC,0.24%,Biotechnology,US,---,"$82,248,502.00 ","879,475"
,BF7J7N6,Tenable Holdings Inc,TENB,0.23%,Software,US,---,"$81,495,436.96 ","1,692,181"
,BR9YYP4,Qorvo Inc,QRVO,0.23%,Semiconductors & Semiconductor Equipment,US,---,"$80,568,971.60 ","703,352"
,BP2V812,Aspen Technology Inc,AZPN,0.23%,Software,US,---,"$80,302,064.07 ","414,163"
,B3N4753,Terreno Realty Corp,TRNO,0.23%,Industrial REITs,US,---,"$79,318,808.20 ","1,233,574"
,BLR7B52,Marathon Digital Holdings Inc,MARA,0.23%,Software,US,---,"$79,255,217.30 ","3,060,047"
,BS7K7M9,Freshpet Inc,FRPT,0.23%,Food Products,US,---,"$78,879,341.86 ","697,862"
,2036047,Comfort Systems USA Inc,FIX,0.23%,Construction & Engineering,US,---,"$78,851,741.49 ","257,913"
,2268130,AAON Inc,AAON,0.23%,Building Products,US,---,"$78,826,567.30 ","938,635"
,BFZND98,Smartsheet Inc. Class A,SMAR,0.22%,Software,US,---,"$78,402,035.88 ","1,857,428"
,BFYT7B7,DocuSign Inc,DOCU,0.22%,Software,US,---,"$78,333,694.81 ","1,470,503"
,B1FT462,Armstrong World Industries Inc,AWI,0.22%,Building Products,US,---,"$77,091,258.58 ","639,178"
,BYSFJV8,Planet Fitness Inc,PLNT,0.22%,"Hotels, Restaurants & Leisure",US,---,"$76,733,946.35 ","1,236,647"
,BDT5KT5,Inspire Medical Systems Inc,INSP,0.22%,Health Care Equipment & Supplies,US,---,"$76,493,049.60 ","427,240"
,BNXKSK3,Ryan Specialty Holdings Inc,RYAN,0.22%,Insurance,US,---,"$76,232,647.26 ","1,455,377"
,2975098,Halozyme Therapeutics Inc,HALO,0.22%,Biotechnology,US,---,"$76,117,476.39 ","1,912,019"
,BJZ2ZR5,Varonis Systems Inc,VRNS,0.22%,Software,US,---,"$76,110,744.40 ","1,498,243"
,BPK3058,Samsara Inc,IOT,0.22%,Software,US,---,"$76,030,557.25 ","2,200,595"
,BQBBFD1,TKO Group Holdings Inc,TKO,0.22%,Entertainment,US,---,"$75,793,400.76 ","905,212"
,BPQWHP8,Healthcare Realty Trust Inc,HR,0.22%,Health Care REITs,US,---,"$75,774,800.66 ","5,498,897"
,BQXZP64,Wayfair Inc,W,0.22%,Specialty Retail,US,---,"$75,601,288.80 ","1,268,478"
,2120490,Casella Waste Systems Inc,CWST,0.21%,Commercial Services & Supplies,US,---,"$74,173,023.00 ","823,230"
,2018669,Maximus Inc,MMS,0.21%,Professional Services,US,---,"$73,734,159.30 ","881,355"
,2072074,Balchem Corp,BCPC,0.21%,Chemicals,US,---,"$73,170,530.29 ","465,491"
,2333986,Federal Signal Corp,FSS,0.21%,Machinery,US,---,"$72,211,774.09 ","881,599"
,B3P6D26,Alkermes PLC,ALKS,0.21%,Biotechnology,US,---,"$71,722,281.45 ","2,415,705"
,BZ22B38,Ollie's Bargain Outlet Holdings Inc,OLLI,0.20%,Broadline Retail,US,---,"$71,608,244.85 ","893,205"
,BP96PQ4,Catalent Inc,CTLT,0.20%,Pharmaceuticals,US,---,"$71,069,374.92 ","1,239,438"
,BK80XH9,Match Group Inc,MTCH,0.20%,Interactive Media & Services,US,---,"$70,738,338.92 ","1,962,773"
,B07LST0,ExlService Holdings Inc,EXLS,0.20%,Professional Services,US,---,"$70,435,669.84 ","2,263,357"
,BM99VY2,Texas Pacific Land Corp,TPL,0.20%,"Oil, Gas & Consumable Fuels",US,---,"$69,999,061.44 ","44,432"
,BSPHGN6,Lamar Advertising Co,LAMR,0.20%,Specialized REITs,US,---,"$69,929,618.55 ","632,561"
,B04NJM9,Dolby Laboratories Inc,DLB,0.20%,Software,US,---,"$69,425,829.00 ","857,109"
,2320148,Euronet Worldwide Inc,EEFT,0.20%,Financial Services,US,---,"$69,227,256.96 ","632,559"
,BLKFTK4,FTAI Aviation Ltd,FTAI,0.20%,Trading Companies & Distributors,US,---,"$68,886,857.65 ","1,223,785"
,BYN7H48,Appfolio Inc,APPF,0.20%,Software,US,---,"$68,266,959.10 ","281,990"
,BN2QTL0,Noble Corp PLC,NE,0.19%,Energy Equipment & Services,US,---,"$68,146,955.20 ","1,629,920"
,B5B15Y5,MACOM Technology Solutions Holdings Inc,MTSI,0.19%,Semiconductors & Semiconductor Equipment,US,---,"$68,146,065.02 ","771,494"
,BPBSZJ1,Kite Realty Group Trust,KRG,0.19%,Retail REITs,US,---,"$67,979,918.68 ","3,175,148"
,BLF0L75,Shift4 Payments Inc,FOUR,0.19%,Financial Services,US,---,"$67,525,641.60 ","821,280"
,2069128,Badger Meter Inc,BMI,0.19%,"Electronic Equipment, Instruments & Components",US,---,"$67,262,343.40 ","423,860"
,BD6D4Y5,Altair Engineering Inc,ALTR,0.19%,Software,US,---,"$67,125,312.36 ","788,967"
,B01CGF1,NewMarket Corp,NEU,0.19%,Chemicals,US,---,"$66,763,838.49 ","104,047"
,BL71K91,REVOLUTION Medicines Inc,RVMD,0.19%,Biotechnology,US,---,"$66,373,011.32 ","2,251,459"
,2117232,Boyd Gaming Corp,BYD,0.19%,"Hotels, Restaurants & Leisure",US,---,"$65,427,699.40 ","989,380"
,2919290,Light & Wonder Inc,LNW,0.19%,"Hotels, Restaurants & Leisure",US,---,"$65,369,794.31 ","650,381"
,BNG8Z81,Coherent Corp,COHR,0.19%,"Electronic Equipment, Instruments & Components",US,---,"$65,194,659.96 ","1,096,077"
,BP8S8J5,Lantheus Holdings Inc,LNTH,0.18%,Health Care Equipment & Supplies,US,---,"$64,660,362.34 ","988,993"
,BKY7X18,Five9 Inc,FIVN,0.18%,Software,US,---,"$64,022,123.00 ","1,049,543"
,2568131,Silicon Laboratories Inc,SLAB,0.18%,Semiconductors & Semiconductor Equipment,US,---,"$63,240,204.30 ","459,795"
,BKS3RS7,10X Genomics Inc,TXG,0.18%,Life Sciences Tools & Services,US,---,"$63,237,170.48 ","1,355,857"
,2814005,Skyline Champion Corp,SKY,0.18%,Household Durables,US,---,"$62,841,159.36 ","749,984"
,BZBZ020,Herc Holdings Inc,HRI,0.18%,Trading Companies & Distributors,US,---,"$61,635,437.68 ","388,426"
,2948089,Woodward Inc,WWD,0.18%,Aerospace & Defense,US,---,"$61,341,574.60 ","433,540"
,2471949,Itron Inc,ITRI,0.17%,"Electronic Equipment, Instruments & Components",US,---,"$61,004,756.40 ","658,230"
,BMDX9Z7,DoubleVerify Holdings Inc,DV,0.17%,Software,US,---,"$60,785,063.99 ","1,967,791"
,B142B38,CommVault Systems Inc,CVLT,0.17%,Software,US,---,"$60,548,060.20 ","632,620"
,2580555,Merit Medical Systems Inc,MMSI,0.17%,Health Care Equipment & Supplies,US,---,"$60,394,062.60 ","792,573"
,BYMWL19,Glaukos Corp,GKOS,0.17%,Health Care Equipment & Supplies,US,---,"$59,307,461.40 ","669,460"
,BSS6HY8,Workiva Inc. Class A,WK,0.17%,Software,US,---,"$59,297,237.04 ","688,542"
,2330318,Exponent Inc,EXPO,0.17%,Professional Services,US,---,"$59,110,933.73 ","730,757"
,2350383,Franklin Electric Co Inc,FELE,0.17%,Machinery,US,---,"$59,005,408.88 ","567,578"
,2133045,Power Integrations Inc,POWI,0.17%,Semiconductors & Semiconductor Equipment,US,---,"$58,670,589.42 ","821,027"
,B3F1XM1,Grand Canyon Education Inc,LOPE,0.17%,Diversified Consumer Services,US,---,"$58,431,351.60 ","433,467"
,BJ62Z18,Ultragenyx Pharmaceutical Inc,RARE,0.17%,Biotechnology,US,---,"$58,359,348.12 ","1,128,371"
,BYXR425,RH,RH,0.17%,Specialty Retail,US,---,"$58,286,127.20 ","212,413"
,BMFND53,Alpha Metallurgical Resources Inc,AMR,0.17%,Metals & Mining,US,---,"$58,030,104.00 ","153,824"
,2503206,Lancaster Colony Corp,LANC,0.17%,Food Products,US,---,"$57,713,919.48 ","278,919"
,BV0LCR0,Shake Shack Inc,SHAK,0.16%,"Hotels, Restaurants & Leisure",US,---,"$57,641,494.32 ","542,151"
,BF2GC59,Magnolia Oil & Gas Corp,MGY,0.16%,"Oil, Gas & Consumable Fuels",US,---,"$57,605,158.80 ","2,539,910"
,BF0SR29,Hamilton Lane Inc,HLNE,0.16%,Capital Markets,US,---,"$57,589,809.75 ","501,435"
,2614487,Insmed Inc,INSM,0.16%,Biotechnology,US,---,"$57,389,325.84 ","2,070,322"
,BZ1LFG7,Roku Inc,ROKU,0.16%,Entertainment,US,---,"$57,059,563.86 ","903,127"
,BPF0BB7,Freshworks Inc,FRSH,0.16%,Software,US,---,"$56,660,354.52 ","2,772,033"
,2206721,Coca-Cola Consolidated Inc,COKE,0.16%,Beverages,US,---,"$56,021,663.20 ","66,629"
,2590930,Middleby Corp/The,MIDD,0.16%,Machinery,US,---,"$54,727,995.84 ","359,674"
,2049175,Advanced Energy Industries Inc,AEIS,0.16%,"Electronic Equipment, Instruments & Components",US,---,"$54,577,261.20 ","539,301"
,B19FQ48,Amicus Therapeutics Inc,FOLD,0.16%,Biotechnology,US,---,"$54,376,312.04 ","4,241,522"
,BFFK0X2,Essential Properties Realty Trust Inc,EPRT,0.15%,Diversified REITs,US,---,"$53,975,226.47 ","2,259,323"
,2401195,Haemonetics Corp,HAE,0.15%,Health Care Equipment & Supplies,US,---,"$53,642,416.42 ","735,029"
,BYLY8H1,Evolent Health Inc,EVH,0.15%,Health Care Technology,US,---,"$53,445,076.26 ","1,576,086"
,BD420Q8,Axcelis Technologies Inc,ACLS,0.15%,Semiconductors & Semiconductor Equipment,US,---,"$53,421,128.46 ","474,138"
,2944742,WD-40 Co,WDFC,0.15%,Household Products,US,---,"$52,533,853.43 ","195,737"
,2007281,Insperity Inc,NSP,0.15%,Professional Services,US,---,"$52,070,674.50 ","511,550"
,BYN7H26,Alarm.com Holdings Inc,ALRM,0.15%,Software,US,---,"$52,059,430.62 ","687,798"
,2889155,ACI Worldwide Inc,ACIW,0.15%,Software,US,---,"$51,636,876.03 ","1,569,033"
,BGR7KH2,YETI Holdings Inc,YETI,0.15%,Leisure Products,US,---,"$51,609,687.84 ","1,257,546"
,2693914,TriNet Group Inc,TNET,0.15%,Professional Services,US,---,"$51,470,516.82 ","402,082"
,B06RWD1,Cogent Communications Holdings Inc,CCOI,0.15%,Diversified Telecommunication Services,US,---,"$51,293,218.14 ","633,954"
,BMX6JW3,JFrog Ltd,FROG,0.15%,Software,US,---,"$50,997,983.58 ","1,138,602"
,BVB3BV2,Box Inc,BOX,0.15%,Software,US,---,"$50,964,418.49 ","1,976,131"
,BYQCZ35,Madison Square Garden Sports Corp,MSGS,0.14%,Entertainment,US,---,"$50,248,611.90 ","267,010"
,B1P5YY8,AeroVironment Inc,AVAV,0.14%,Aerospace & Defense,US,---,"$49,910,629.92 ","393,648"
,BYT4ST5,iRhythm Technologies Inc,IRTC,0.14%,Health Care Equipment & Supplies,US,---,"$49,859,458.95 ","420,223"
,BGDQ8B3,Axonics Inc,AXNX,0.14%,Health Care Equipment & Supplies,US,---,"$49,681,736.46 ","731,259"
,BZ22CY6,Rapid7 Inc,RPD,0.14%,Software,US,---,"$49,352,536.98 ","842,481"
,BFXX5X8,Verra Mobility Corp,VRRM,0.14%,Professional Services,US,---,"$49,330,872.88 ","2,281,724"
,B3KFWW1,Transocean Ltd,RIG,0.14%,Energy Equipment & Services,US,---,"$49,269,903.90 ","10,505,310"
,BYSLHX4,Hilton Grand Vacations Inc,HGV,0.14%,"Hotels, Restaurants & Leisure",US,---,"$49,093,379.28 ","1,093,881"
,2891826,FormFactor Inc,FORM,0.14%,Semiconductors & Semiconductor Equipment,US,---,"$48,502,684.49 ","1,127,183"
,B03L311,Ormat Technologies Inc,ORA,0.14%,Independent Power and Renewable Electricity Producers,US,---,"$48,388,859.50 ","742,730"
,2630085,Neogen Corp,NEOG,0.14%,Health Care Equipment & Supplies,US,---,"$48,307,114.53 ","2,810,187"
,BCRYTK1,Independence Realty Trust Inc,IRT,0.14%,Residential REITs,US,---,"$47,619,908.64 ","3,252,726"
,BYQBFJ8,Arrowhead Pharmaceuticals Inc,ARWR,0.13%,Biotechnology,US,---,"$47,173,999.50 ","1,469,595"
,BDCWFT8,Liberty Energy Inc,LBRT,0.13%,Energy Equipment & Services,US,---,"$46,828,763.66 ","2,190,307"
,BH3Z4P3,New Fortress Energy Inc,NFE,0.13%,"Oil, Gas & Consumable Fuels",US,---,"$46,817,128.60 ","1,331,924"
,B3BRJZ8,John Bean Technologies Corp,JBT,0.13%,Machinery,US,---,"$46,761,578.08 ","460,796"
,BN6RJM0,Northern Oil & Gas Inc,NOG,0.13%,"Oil, Gas & Consumable Fuels",US,---,"$46,657,448.82 ","1,305,834"
,BMBP1Q0,Flywire Corp,FLYW,0.13%,Financial Services,US,---,"$46,635,230.96 ","1,642,664"
,B2QH310,Iridium Communications Inc,IRDM,0.13%,Diversified Telecommunication Services,US,---,"$46,587,440.10 ","1,609,238"
,BKDS4H5,BILL Holdings Inc,BILL,0.13%,Software,US,---,"$46,358,066.64 ","732,008"
,BF27XF9,Simply Good Foods Co/The,SMPL,0.13%,Food Products,US,---,"$45,901,788.76 ","1,293,737"
,B4N0JJ6,Visteon Corp,VC,0.13%,Automobile Components,US,---,"$45,527,519.52 ","402,471"
,BD3WZS6,BlackLine Inc,BL,0.13%,Software,US,---,"$45,274,397.64 ","798,068"
,BR1YSF0,Viper Energy Inc,VNOM,0.13%,"Oil, Gas & Consumable Fuels",US,---,"$44,996,070.86 ","1,245,049"
,B23DBK6,Genpact Ltd,G,0.13%,Professional Services,US,---,"$44,508,142.00 ","1,309,063"
,BMBVND9,Wolfspeed Inc,WOLF,0.13%,Semiconductors & Semiconductor Equipment,US,---,"$44,471,016.18 ","1,709,109"
,BYZR4X4,Axsome Therapeutics Inc,AXSM,0.13%,Pharmaceuticals,US,---,"$44,448,453.92 ","546,184"
,2106780,Choice Hotels International Inc,CHH,0.13%,"Hotels, Restaurants & Leisure",US,---,"$44,406,709.94 ","396,701"
,BPLQR66,Braze Inc,BRZE,0.13%,Software,US,---,"$44,249,650.60 ","777,674"
,BN0TQD2,Marqeta Inc,MQ,0.13%,Financial Services,US,---,"$44,198,089.51 ","6,768,467"
,BYQ44Y5,LCI Industries,LCII,0.13%,Automobile Components,US,---,"$43,843,559.60 ","348,020"
,BGMGM89,SpringWorks Therapeutics Inc,SWTX,0.12%,Biotechnology,US,---,"$43,652,635.68 ","886,168"
,2675097,Pinnacle Financial Partners Inc,PNFP,0.12%,Banks,US,---,"$43,620,406.72 ","527,326"
,BMD22Y4,Doximity Inc,DOCS,0.12%,Health Care Technology,US,---,"$43,434,254.55 ","1,538,585"
,BF1GM16,Cactus Inc. Class A,WHD,0.12%,Energy Equipment & Services,US,---,"$43,393,951.80 ","945,402"
,BKWD3M9,Progyny Inc,PGNY,0.12%,Health Care Providers & Services,US,---,"$43,042,106.80 ","1,178,590"
,2270500,Diodes Inc,DIOD,0.12%,Semiconductors & Semiconductor Equipment,US,---,"$42,816,183.30 ","629,835"
,BMVMJ12,Cerevel Therapeutics Holdings Inc,CERE,0.12%,Biotechnology,US,---,"$42,679,688.00 ","1,040,968"
,BYWMQJ2,Alteryx Inc. Class A,AYX,0.12%,Software,US,---,"$42,185,413.24 ","878,131"
,BK6L288,Beam Therapeutics Inc,BEAM,0.12%,Biotechnology,US,---,"$41,905,958.71 ","1,061,179"
,BKTNTS0,Sprout Social Inc,SPT,0.12%,Software,US,---,"$41,310,967.72 ","668,246"
,2713317,ACADIA Pharmaceuticals Inc,ACAD,0.12%,Biotechnology,US,---,"$41,302,848.44 ","1,777,231"
,2113393,Boston Beer Co Inc/The,SAM,0.12%,Beverages,US,---,"$40,526,264.66 ","131,519"
,BR1GTS6,NEXTracker Inc,NXT,0.12%,Electrical Equipment,US,---,"$40,414,738.88 ","718,612"
,2232050,Credit Acceptance Corp,CACC,0.12%,Consumer Finance,US,---,"$40,293,222.40 ","72,784"
,BD9F675,Riot Platforms Inc,RIOT,0.11%,Software,US,---,"$40,072,291.72 ","2,837,981"
,BMGNBJ2,C3.ai Inc,AI,0.11%,Software,US,---,"$40,056,329.54 ","1,083,482"
,BLD13F2,Credo Technology Group Holding Ltd,CRDO,0.11%,Semiconductors & Semiconductor Equipment,US,---,"$39,787,223.28 ","1,847,132"
,BD0NN55,Innovative Industrial Properties Inc,IIPR,0.11%,Industrial REITs,US,---,"$39,725,048.01 ","405,399"
,2229126,Columbia Sportswear Co,COLM,0.11%,"Textiles, Apparel & Luxury Goods",US,---,"$39,694,259.53 ","480,037"
,BYZM6C2,Intellia Therapeutics Inc,NTLA,0.11%,Biotechnology,US,---,"$39,532,493.00 ","1,230,775"
,2675860,Pegasystems Inc,PEGA,0.11%,Software,US,---,"$39,313,558.08 ","604,452"
,2715186,Quaker Chemical Corp,KWR,0.11%,Chemicals,US,---,"$39,151,835.50 ","195,271"
,B6ZC3N6,TripAdvisor Inc,TRIP,0.11%,Interactive Media & Services,US,---,"$39,026,827.98 ","1,455,139"
,BNZJHH8,Remitly Global Inc,RELY,0.11%,Financial Services,US,---,"$38,660,211.18 ","1,874,889"
,2512149,Kratos Defense & Security Solutions Inc,KTOS,0.11%,Aerospace & Defense,US,---,"$38,655,047.04 ","2,119,246"
,BWWCK85,National Storage Affiliates Trust,NSA,0.11%,Specialized REITs,US,---,"$38,625,668.68 ","1,078,628"
,2165383,California Water Service Group,CWT,0.11%,Water Utilities,US,---,"$38,395,153.42 ","836,678"
,2473150,Inter Parfums Inc,IPAR,0.11%,Personal Care Products,US,---,"$37,337,452.32 ","254,481"
,BKM4KV0,Q2 Holdings Inc,QTWO,0.11%,Software,US,---,"$37,257,173.07 ","805,909"
,BP0PQT0,HashiCorp Inc,HCP,0.11%,Software,US,---,"$37,124,123.19 ","1,424,017"
,2764188,SM Energy Co,SM,0.11%,"Oil, Gas & Consumable Fuels",US,---,"$36,826,283.43 ","841,359"
,B474ZK7,Envestnet Inc,ENV,0.10%,Software,US,---,"$36,682,661.10 ","711,870"
,2718594,Dorman Products Inc,DORM,0.10%,Automobile Components,US,---,"$36,486,223.90 ","387,245"
,B6T0518,Post Holdings Inc,POST,0.10%,Food Products,US,---,"$36,382,150.56 ","349,291"
,BYQRFY1,Teladoc Health Inc,TDOC,0.10%,Health Care Technology,US,---,"$36,143,336.84 ","2,396,773"
,B7KCD72,Yelp Inc,YELP,0.10%,Interactive Media & Services,US,---,"$36,090,970.04 ","938,891"
,BFYF094,Frontdoor Inc,FTDR,0.10%,Diversified Consumer Services,US,---,"$36,067,575.04 ","1,150,114"
,BYXB1Y8,Sunrun Inc,RUN,0.10%,Electrical Equipment,US,---,"$35,924,458.36 ","2,983,759"
,BKY83Q6,Oscar Health Inc,OSCR,0.10%,Insurance,US,---,"$35,907,868.56 ","2,208,356"
,2216010,CONMED Corp,CNMD,0.10%,Health Care Equipment & Supplies,US,---,"$35,643,927.68 ","443,774"
,B15RZR4,Mueller Water Products Inc,MWA,0.10%,Machinery,US,---,"$35,203,334.00 ","2,263,880"
,2698782,IPG Photonics Corp,IPGP,0.10%,"Electronic Equipment, Instruments & Components",US,---,"$35,069,239.15 ","406,129"
,2155306,MasTec Inc,MTZ,0.10%,Construction & Engineering,US,---,"$34,418,815.20 ","456,120"
,BYWPZW7,Sonos Inc,SONO,0.10%,Household Durables,US,---,"$34,329,127.68 ","1,810,608"
,BM9HZ11,Arcadium Lithium PLC,ALTM,0.10%,Chemicals,US,---,"$34,239,576.33 ","6,236,717"
,BYYGJZ9,Impinj Inc,PI,0.10%,Semiconductors & Semiconductor Equipment,US,---,"$34,201,806.12 ","313,146"
,2696117,Papa John's International Inc,PZZA,0.10%,"Hotels, Restaurants & Leisure",US,---,"$33,974,063.76 ","472,584"
,B828K63,TG Therapeutics Inc,TGTX,0.10%,Biotechnology,US,---,"$33,947,645.76 ","1,971,408"
,BYTC1B2,Surgery Partners Inc,SGRY,0.10%,Health Care Providers & Services,US,---,"$33,943,251.55 ","1,093,885"
,BYNWB63,PJT Partners Inc,PJT,0.10%,Capital Markets,US,---,"$33,262,026.60 ","315,579"
,BMFPJK6,ACV Auctions Inc,ACVA,0.10%,Commercial Services & Supplies,US,---,"$33,219,764.00 ","1,871,536"
,2347277,CorVel Corp,CRVL,0.09%,Health Care Providers & Services,US,---,"$33,205,960.00 ","136,090"
,2158781,Cal-Maine Foods Inc,CALM,0.09%,Food Products,US,---,"$33,071,237.48 ","575,252"
,BG3G1B4,LGI Homes Inc,LGIH,0.09%,Household Durables,US,---,"$33,063,053.82 ","289,798"
,BM9VY27,QuidelOrtho Corp,QDEL,0.09%,Health Care Equipment & Supplies,US,---,"$32,992,512.00 ","723,520"
,BLDRF10,Inari Medical Inc,NARI,0.09%,Health Care Equipment & Supplies,US,---,"$32,660,016.36 ","708,153"
,2442547,Perficient Inc,PRFT,0.09%,IT Services,US,---,"$32,645,503.15 ","503,245"
,BM9FJ13,Recursion Pharmaceuticals Inc,RXRX,0.09%,Biotechnology,US,---,"$32,445,787.64 ","2,410,534"
,BMDP209,Privia Health Group Inc,PRVA,0.09%,Health Care Providers & Services,US,---,"$32,403,260.88 ","1,451,759"
,2495529,Kilroy Realty Corp,KRC,0.09%,Office REITs,US,---,"$32,134,205.88 ","848,092"
,BN6KXF0,Ginkgo Bioworks Holdings Inc,DNA,0.09%,Chemicals,US,---,"$32,049,871.84 ","21,085,442"
,BMDJ085,Shoals Technologies Group Inc,SHLS,0.09%,Electrical Equipment,US,---,"$31,563,583.37 ","2,460,139"
,BGLN838,LiveRamp Holdings Inc,RAMP,0.09%,Software,US,---,"$31,495,677.18 ","900,391"
,BNZJHY5,Clearwater Analytics Holdings Inc,CWAN,0.09%,Software,US,---,"$31,352,109.60 ","1,820,680"
,BN15Y35,MP Materials Corp,MP,0.09%,Metals & Mining,US,---,"$31,301,799.75 ","2,057,975"
,BGKG6G7,Twist Bioscience Corp,TWST,0.09%,Biotechnology,US,---,"$31,142,354.12 ","792,628"
,BDZ30Q0,Arvinas Inc,ARVN,0.09%,Pharmaceuticals,US,---,"$31,111,907.20 ","676,640"
,2508386,Plug Power Inc,PLUG,0.09%,Electrical Equipment,US,---,"$30,921,804.54 ","8,759,718"
,BCRY5K3,Fox Factory Holding Corp,FOXF,0.09%,Automobile Components,US,---,"$30,911,400.62 ","611,018"
,BN48ZR2,Phillips Edison & Co Inc,PECO,0.09%,Retail REITs,US,---,"$30,902,372.16 ","865,128"
,BFXC911,Guardant Health Inc,GH,0.09%,Health Care Providers & Services,US,---,"$30,809,906.00 ","1,621,574"
,B17VCN9,PTC Therapeutics Inc,PTCT,0.09%,Biotechnology,US,---,"$30,776,855.35 ","1,091,765"
,2813552,AMN Healthcare Services Inc,AMN,0.09%,Health Care Providers & Services,US,---,"$30,762,696.46 ","546,698"
,BN4LSB6,Allegro MicroSystems Inc,ALGM,0.09%,Semiconductors & Semiconductor Equipment,US,---,"$30,689,776.12 ","974,588"
,B8SW166,Dave & Buster's Entertainment Inc,PLAY,0.09%,"Hotels, Restaurants & Leisure",US,---,"$30,687,064.38 ","497,037"
,B7KH3G6,Ambarella Inc,AMBA,0.09%,Semiconductors & Semiconductor Equipment,US,---,"$30,609,374.40 ","548,064"
,2883641,Tennant Co,TNC,0.09%,Machinery,US,---,"$30,591,408.54 ","270,266"
,BX3SQS1,Astrana Health Inc,ASTH,0.09%,Health Care Providers & Services,US,---,"$30,379,975.44 ","674,511"
,2746700,Rogers Corp,ROG,0.09%,"Electronic Equipment, Instruments & Components",US,---,"$30,186,838.99 ","269,357"
,BMYRFV6,PROCEPT BioRobotics Corp,PRCT,0.09%,Health Care Equipment & Supplies,US,---,"$30,018,124.86 ","620,979"
,BP2S437,R1 RCM Inc,RCM,0.09%,Health Care Providers & Services,US,---,"$29,813,144.60 ","2,121,932"
,BMWP7H2,Dutch Bros Inc,BROS,0.08%,"Hotels, Restaurants & Leisure",US,---,"$29,694,859.83 ","1,019,391"
,BD2B4V0,Denali Therapeutics Inc,DNLI,0.08%,Biotechnology,US,---,"$29,660,228.68 ","1,499,506"
,2768663,St Joe Co/The,JOE,0.08%,Real Estate Management & Development,US,---,"$29,567,626.90 ","548,870"
,BZ07DS4,Cable One Inc,CABO,0.08%,Media,US,---,"$29,543,784.00 ","64,789"
,BJ7JPH4,PagerDuty Inc,PD,0.08%,Software,US,---,"$29,353,312.80 ","1,214,955"
,BF5D6S8,Cargurus Inc,CARG,0.08%,Interactive Media & Services,US,---,"$29,298,437.64 ","1,323,326"
,BM9GT61,Certara Inc,CERT,0.08%,Health Care Technology,US,---,"$29,276,233.12 ","1,734,374"
,BMC8TD1,nCino Inc,NCNO,0.08%,Software,US,---,"$29,246,213.84 ","980,101"
,BMC73Z8,QuantumScape Corp,QS,0.08%,Automobile Components,US,---,"$29,231,486.13 ","4,662,119"
,2655583,Oceaneering International Inc,OII,0.08%,Energy Equipment & Services,US,---,"$28,794,449.84 ","1,457,209"
,2598246,NeoGenomics Inc,NEO,0.08%,Health Care Providers & Services,US,---,"$28,767,648.00 ","1,844,080"
,2173933,Topgolf Callaway Brands Corp,MODG,0.08%,Leisure Products,US,---,"$28,510,203.04 ","2,002,121"
,BLBLMD5,Array Technologies Inc,ARRY,0.08%,Electrical Equipment,US,---,"$28,347,125.40 ","2,078,235"
,BNC23Q1,DigitalOcean Holdings Inc,DOCN,0.08%,IT Services,US,---,"$28,314,143.52 ","746,681"
,B3S4L67,Calix Inc,CALX,0.08%,Communications Equipment,US,---,"$28,244,525.65 ","809,995"
,2938422,Veeco Instruments Inc,VECO,0.08%,Semiconductors & Semiconductor Equipment,US,---,"$28,038,344.46 ","774,326"
,B00SCY1,Corcept Therapeutics Inc,CORT,0.08%,Pharmaceuticals,US,---,"$28,036,205.00 ","1,193,030"
,BNKVRZ7,Sotera Health Co,SHC,0.08%,Life Sciences Tools & Services,US,---,"$27,618,535.09 ","1,840,009"
,BKPGJQ1,Squarespace Inc,SQSP,0.08%,IT Services,US,---,"$27,579,169.28 ","828,701"
,BMF9G85,Sitio Royalties Corp,STR,0.08%,"Oil, Gas & Consumable Fuels",US,---,"$26,992,819.56 ","1,182,858"
,B8JFD24,Gentherm Inc,THRM,0.08%,Automobile Components,US,---,"$26,980,183.72 ","474,502"
,2458878,Blackbaud Inc,BLKB,0.08%,Software,US,---,"$26,950,867.68 ","389,576"
,BL53QN5,Upstart Holdings Inc,UPST,0.08%,Consumer Finance,US,---,"$26,931,899.25 ","1,045,899"
,BLR4TK4,agilon health Inc,AGL,0.08%,Health Care Providers & Services,US,---,"$26,919,551.72 ","4,391,444"
,BN46048,Hims & Hers Health Inc,HIMS,0.08%,Health Care Providers & Services,US,---,"$26,888,232.24 ","2,061,981"
,BL96T19,Opendoor Technologies Inc,OPEN,0.08%,Real Estate Management & Development,US,---,"$26,866,513.52 ","8,722,894"
,BMPRZV5,Kymera Therapeutics Inc,KYMR,0.08%,Biotechnology,US,---,"$26,710,088.30 ","625,529"
,B02H882,Cohen & Steers Inc,CNS,0.07%,Capital Markets,US,---,"$26,142,906.20 ","355,444"
,B84KWJ4,United Parks & Resorts Inc,PRKS,0.07%,"Hotels, Restaurants & Leisure",US,---,"$26,125,750.30 ","508,778"
,B43VKB8,Six Flags Entertainment Corp,SIX,0.07%,"Hotels, Restaurants & Leisure",US,---,"$26,030,793.74 ","1,027,261"
,BLG38Q1,Moelis & Co,MC,0.07%,Capital Markets,US,---,"$26,030,419.52 ","481,688"
,BKTPCS7,BRP Group Inc,BRP,0.07%,Insurance,US,---,"$25,885,703.22 ","930,471"
,BNSNZQ2,Leonardo DRS Inc,DRS,0.07%,Aerospace & Defense,US,---,"$25,854,108.66 ","1,138,446"
,BDD1BB8,Bloom Energy Corp,BE,0.07%,Electrical Equipment,US,---,"$25,583,054.70 ","2,917,110"
,2289841,Dycom Industries Inc,DY,0.07%,Construction & Engineering,US,---,"$25,497,980.69 ","201,581"
,B3PY1N7,RLJ Lodging Trust,RLJ,0.07%,Hotel & Resort REITs,US,---,"$25,425,314.47 ","2,141,981"
,B82GC49,Legalzoom.com Inc,LZ,0.07%,Professional Services,US,---,"$25,286,241.20 ","2,039,213"
,BF3W461,Tandem Diabetes Care Inc,TNDM,0.07%,Health Care Equipment & Supplies,US,---,"$25,122,502.33 ","943,391"
,BMX6DM1,Vertex Inc,VERX,0.07%,Software,US,---,"$24,906,521.06 ","741,707"
,BFTWZY0,Veracyte Inc,VCYT,0.07%,Biotechnology,US,---,"$24,884,837.55 ","1,056,681"
,2420101,Helmerich & Payne Inc,HP,0.07%,Energy Equipment & Services,US,---,"$24,850,461.24 ","647,316"
,BNSNZL7,Coursera Inc,COUR,0.07%,Diversified Consumer Services,US,---,"$24,824,887.79 ","1,544,797"
,BP484B3,IonQ Inc,IONQ,0.07%,"Technology Hardware, Storage & Peripherals",US,---,"$24,544,777.32 ","2,369,187"
,2469171,J & J Snack Foods Corp,JJSF,0.07%,Food Products,US,---,"$24,345,874.80 ","167,810"
,BJN4MY9,Fastly Inc,FSLY,0.07%,IT Services,US,---,"$24,217,783.38 ","1,703,079"
,BDFGDQ0,Tidewater Inc,TDW,0.07%,Energy Equipment & Services,US,---,"$24,091,930.69 ","344,023"
,BLD30T1,Clear Secure Inc,YOU,0.07%,Software,US,---,"$23,803,202.50 ","1,236,530"
,BYM9ZP2,Lumentum Holdings Inc,LITE,0.07%,Communications Equipment,US,---,"$23,408,150.27 ","482,941"
,BGRFWV4,Upwork Inc,UPWK,0.07%,Professional Services,US,---,"$23,215,505.60 ","1,772,176"
,BKV28S8,Schrodinger Inc/United States,SDGR,0.07%,Health Care Technology,US,---,"$23,156,353.74 ","909,519"
,2144047,Mercury Systems Inc,MRCY,0.07%,Aerospace & Defense,US,---,"$23,055,846.51 ","771,873"
,BKPG0T1,Janus International Group Inc,JBI,0.07%,Building Products,US,---,"$22,855,876.40 ","1,592,744"
,BPLYVM4,Liberty Media Corp-Liberty Formula One,FWONA,0.07%,Entertainment,US,---,"$22,788,391.95 ","347,649"
,B0C8KV2,AtriCure Inc,ATRC,0.07%,Health Care Equipment & Supplies,US,---,"$22,778,338.96 ","651,368"
,BLPNRR6,Magnite Inc,MGNI,0.07%,Media,US,---,"$22,773,596.84 ","1,894,642"
,BZ2YT30,Goosehead Insurance Inc,GSHD,0.07%,Insurance,US,---,"$22,746,517.65 ","300,681"
,BKYC3F7,Cimpress PLC,CMPR,0.06%,Commercial Services & Supplies,US,---,"$22,623,746.31 ","230,831"
,BKS48R6,SiTime Corp,SITM,0.06%,Semiconductors & Semiconductor Equipment,US,---,"$22,538,642.50 ","243,661"
,BMH0MP5,ServisFirst Bancshares Inc,SFBS,0.06%,Banks,US,---,"$22,389,354.42 ","354,318"
,2836292,STAAR Surgical Co,STAA,0.06%,Health Care Equipment & Supplies,US,---,"$22,062,094.12 ","706,213"
,2855930,Beyond Inc,BYON,0.06%,Specialty Retail,US,---,"$21,956,114.60 ","654,820"
,2553911,Steven Madden Ltd,SHOO,0.06%,"Textiles, Apparel & Luxury Goods",US,---,"$21,955,912.18 ","512,749"
,2177504,Carpenter Technology Corp,CRS,0.06%,Metals & Mining,US,---,"$21,884,089.65 ","338,501"
,BP0TR77,Lucid Group Inc,LCID,0.06%,Automobiles,US,---,"$21,836,040.60 ","6,616,982"
,BNLYJ59,Paycor HCM Inc,PYCR,0.06%,Professional Services,US,---,"$21,704,517.12 ","1,027,676"
,BPW6ZP0,DigitalBridge Group Inc,DBRG,0.06%,Real Estate Management & Development,US,---,"$21,668,480.46 ","1,179,558"
,BD4LHG4,Ingevity Corp,NGVT,0.06%,Chemicals,US,---,"$21,549,677.04 ","471,753"
,B1YWQK0,PROS Holdings Inc,PRO,0.06%,Software,US,---,"$21,533,726.50 ","602,342"
,2787022,Cavco Industries Inc,CVCO,0.06%,Household Durables,US,---,"$21,330,005.07 ","57,251"
,BJ7WJS2,Peloton Interactive Inc,PTON,0.06%,Leisure Products,US,---,"$21,272,227.40 ","4,706,245"
,BYPBTB9,Appian Corp,APPN,0.06%,Software,US,---,"$21,038,248.00 ","603,680"
,BLFDQC4,Asana Inc,ASAN,0.06%,Software,US,---,"$21,035,679.70 ","1,067,801"
,BN0TQF4,Zeta Global Holdings Corp,ZETA,0.06%,Software,US,---,"$21,011,287.50 ","2,001,075"
,BYSS4X4,Novocure Ltd,NVCR,0.06%,Health Care Equipment & Supplies,US,---,"$20,913,490.62 ","1,366,002"
,2344922,Jack in the Box Inc,JACK,0.06%,"Hotels, Restaurants & Leisure",US,---,"$20,845,296.00 ","285,552"
,BCZM468,Masonite International Corp,DOOR,0.06%,Building Products,US,---,"$20,656,194.24 ","158,601"
,BRS6600,Boot Barn Holdings Inc,BOOT,0.06%,Specialty Retail,US,---,"$20,258,702.50 ","219,013"
,BGCYWN8,Xencor Inc,XNCR,0.06%,Biotechnology,US,---,"$20,213,832.15 ","880,777"
,2465737,InterDigital Inc,IDCC,0.06%,Software,US,---,"$19,897,051.38 ","185,919"
,BN71J76,Madison Square Garden Entertainment Corp,MSGE,0.06%,Entertainment,US,---,"$19,456,810.47 ","505,503"
,BDZCRX3,RingCentral Inc,RNG,0.06%,Software,US,---,"$19,271,008.02 ","576,631"
,2516613,Lindsay Corp,LNN,0.05%,Machinery,US,---,"$19,034,836.71 ","159,541"
,B3X26D8,Pacira BioSciences Inc,PCRX,0.05%,Pharmaceuticals,US,---,"$18,968,522.52 ","638,241"
,BNNTCT7,Enovix Corp,ENVX,0.05%,Electrical Equipment,US,---,"$18,931,555.50 ","1,941,698"
,BNG3RZ7,Leslie's Inc,LESL,0.05%,Specialty Retail,US,---,"$18,926,211.70 ","2,395,723"
,BMFJJ97,Sana Biotechnology Inc,SANA,0.05%,Biotechnology,US,---,"$18,646,609.28 ","1,857,232"
,2451918,ICU Medical Inc,ICUI,0.05%,Health Care Equipment & Supplies,US,---,"$18,143,212.23 ","166,101"
,B3MZ6K5,Ironwood Pharmaceuticals Inc,IRWD,0.05%,Biotechnology,US,---,"$18,105,288.81 ","1,919,967"
,BNKCPP6,Sprinklr Inc,CXM,0.05%,Software,US,---,"$18,044,960.34 ","1,384,878"
,BL9X5X4,Jamf Holding Corp,JAMF,0.05%,Software,US,---,"$18,008,439.75 ","1,001,025"
,BLSPX60,Payoneer Global Inc,PAYO,0.05%,Financial Services,US,---,"$17,797,038.12 ","3,661,942"
,BLD5321,Stride Inc,LRN,0.05%,Diversified Consumer Services,US,---,"$17,796,776.50 ","297,854"
,BP7L594,Intapp Inc,INTA,0.05%,Software,US,---,"$17,772,092.29 ","453,023"
,2638625,National Beverage Corp,FIZZ,0.05%,Beverages,US,---,"$17,772,000.96 ","337,614"
,B7ZR219,Shutterstock Inc,SSTK,0.05%,Interactive Media & Services,US,---,"$17,639,905.20 ","361,770"
,BK4PZ38,Vir Biotechnology Inc,VIR,0.05%,Biotechnology,US,---,"$17,499,567.24 ","1,556,901"
,B1GHPM8,Globalstar Inc,GSAT,0.05%,Diversified Telecommunication Services,US,---,"$17,150,994.12 ","10,994,227"
,2369226,Gibraltar Industries Inc,ROCK,0.05%,Building Products,US,---,"$17,054,025.30 ","220,194"
,BN2R582,Relay Therapeutics Inc,RLAY,0.05%,Biotechnology,US,---,"$16,975,663.56 ","1,694,178"
,BYY5ZB4,Everbridge Inc,EVBG,0.05%,Software,US,---,"$16,798,260.16 ","594,208"
,BNZJHZ6,Sovos Brands Inc,SOVO,0.05%,Food Products,US,---,"$16,724,373.13 ","733,847"
,BL989M6,Utz Brands Inc,UTZ,0.05%,Food Products,US,---,"$16,611,936.02 ","939,058"
,BR1W702,Howard Hughes Holdings Inc,HHH,0.05%,Real Estate Management & Development,US,---,"$16,589,648.80 ","217,142"
,B15M2C3,Allegiant Travel Co,ALGT,0.05%,Passenger Airlines,US,---,"$16,470,041.22 ","226,299"
,BP2Q7W1,AvePoint Inc,AVPT,0.05%,Software,US,---,"$15,942,840.00 ","1,992,855"
,BP4GNK9,Sage Therapeutics Inc,SAGE,0.05%,Biotechnology,US,---,"$15,839,781.60 ","737,420"
,BPCK358,Amylyx Pharmaceuticals Inc,AMLX,0.04%,Pharmaceuticals,US,---,"$15,648,497.15 ","830,159"
,BMQ89L5,Sweetgreen Inc,SG,0.04%,"Hotels, Restaurants & Leisure",US,---,"$15,572,063.78 ","1,222,297"
,BMDBB99,Safehold Inc,SAFE,0.04%,Specialized REITs,US,---,"$15,514,592.36 ","771,103"
,BFXZB14,Zuora Inc,ZUO,0.04%,Software,US,---,"$15,476,916.80 ","1,915,460"
,BLGZN51,Warby Parker Inc,WRBY,0.04%,Specialty Retail,US,---,"$15,304,543.14 ","1,204,134"
,2418601,Hecla Mining Co,HL,0.04%,Metals & Mining,US,---,"$15,039,877.62 ","4,248,553"
,BKSGZN7,Harmony Biosciences Holdings Inc,HRMY,0.04%,Pharmaceuticals,US,---,"$14,960,172.90 ","466,049"
,BMFQC33,Hayward Holdings Inc,HAYW,0.04%,Building Products,US,---,"$14,874,095.94 ","1,005,686"
,BDH2902,eXp World Holdings Inc,EXPI,0.04%,Real Estate Management & Development,US,---,"$14,573,750.00 ","1,112,500"
,BLLHH27,Sabre Corp,SABR,0.04%,"Hotels, Restaurants & Leisure",US,---,"$14,548,500.00 ","5,490,000"
,BNKGXX2,Verve Therapeutics Inc,VERV,0.04%,Biotechnology,US,---,"$14,530,640.85 ","852,237"
,BF4L070,CONSOL Energy Inc,CEIX,0.04%,"Oil, Gas & Consumable Fuels",US,---,"$14,422,136.82 ","168,051"
,BRBD9F4,Cava Group Inc,CAVA,0.04%,"Hotels, Restaurants & Leisure",US,---,"$14,394,326.76 ","246,436"
,BDFKQ07,Rocket Pharmaceuticals Inc,RCKT,0.04%,Biotechnology,US,---,"$14,329,838.90 ","489,073"
,B1YB5Y4,Infinera Corp,INFN,0.04%,Communications Equipment,US,---,"$14,007,833.10 ","2,790,405"
,2510790,Forward Air Corp,FWRD,0.04%,Air Freight & Logistics,US,---,"$13,785,997.70 ","371,290"
,BMHR7L7,Alkami Technology Inc,ALKT,0.04%,Software,US,---,"$13,769,256.30 ","551,874"
,BMYVSM0,Callon Petroleum Co,CPE,0.04%,"Oil, Gas & Consumable Fuels",US,---,"$13,762,717.64 ","441,679"
,BLFDXF6,StepStone Group Inc,STEP,0.04%,Capital Markets,US,---,"$13,679,000.91 ","393,867"
,BPH0546,Life Time Group Holdings Inc,LTH,0.04%,"Hotels, Restaurants & Leisure",US,---,"$13,660,926.30 ","994,245"
,BL6JGD2,Atlas Energy Solutions Inc,AESI,0.04%,Energy Equipment & Services,US,---,"$13,636,987.04 ","723,064"
,BH3T5K7,Enerpac Tool Group Corp,EPAC,0.04%,Machinery,US,---,"$13,250,996.48 ","393,088"
,BCBVTX1,Agios Pharmaceuticals Inc,AGIO,0.04%,Biotechnology,US,---,"$13,067,654.72 ","404,321"
,BP7L3L2,Integral Ad Science Holding Corp,IAS,0.04%,Media,US,---,"$13,012,336.12 ","1,256,017"
,BJLFHW7,Chewy Inc,CHWY,0.04%,Specialty Retail,US,---,"$12,995,440.92 ","736,703"
,BJYLZK6,Palomar Holdings Inc,PLMR,0.04%,Insurance,US,---,"$12,936,338.28 ","169,902"
,2676692,Shenandoah Telecommunications Co,SHEN,0.04%,Diversified Telecommunication Services,US,---,"$12,892,212.66 ","690,901"
,BNHP503,PubMatic Inc,PUBM,0.04%,Media,US,---,"$12,603,660.36 ","601,894"
,BMXC0N9,Fluence Energy Inc,FLNC,0.04%,Electrical Equipment,US,---,"$12,581,024.83 ","822,827"
,BJ1FD74,Revolve Group Inc,RVLV,0.04%,Specialty Retail,US,---,"$12,550,714.44 ","572,308"
,2930774,Vicor Corp,VICR,0.04%,Electrical Equipment,US,---,"$12,333,590.08 ","331,192"
,BMGNTQ5,Lemonade Inc,LMND,0.04%,Insurance,US,---,"$12,319,956.32 ","758,618"
,BKDRF35,AdaptHealth Corp,AHCO,0.03%,Health Care Providers & Services,US,---,"$12,110,120.55 ","1,183,785"
,BMFZ3F9,Dream Finders Homes Inc,DFH,0.03%,Household Durables,US,---,"$12,098,878.61 ","309,197"
,BP0TJS2,Cytek Biosciences Inc,CTKB,0.03%,Life Sciences Tools & Services,US,---,"$12,079,097.80 ","1,568,714"
,BP3YM85,Trupanion Inc,TRUP,0.03%,Insurance,US,---,"$12,060,478.25 ","450,859"
,BD82PS1,Comstock Resources Inc,CRK,0.03%,"Oil, Gas & Consumable Fuels",US,---,"$12,053,191.50 ","1,409,730"
,BNV0RN1,Portillo's Inc,PTLO,0.03%,"Hotels, Restaurants & Leisure",US,---,"$12,035,460.54 ","828,318"
,BS7T2S7,Triumph Financial Inc,TFIN,0.03%,Banks,US,---,"$12,005,625.00 ","160,075"
,BZ8FPH3,Editas Medicine Inc,EDIT,0.03%,Biotechnology,US,---,"$11,886,443.30 ","1,181,555"
,BSL7HC6,Paramount Group Inc,PGRE,0.03%,Office REITs,US,---,"$11,841,514.04 ","2,673,028"
,BHRWS81,Levi Strauss & Co,LEVI,0.03%,"Textiles, Apparel & Luxury Goods",US,---,"$11,833,503.22 ","651,266"
,BMCWKZ2,Maravai LifeSciences Holdings Inc,MRVI,0.03%,Life Sciences Tools & Services,US,---,"$11,826,127.00 ","1,529,900"
,BP7L5C7,Xometry Inc,XMTR,0.03%,Trading Companies & Distributors,US,---,"$11,560,527.24 ","591,029"
,BMV1Z44,Amplitude Inc,AMPL,0.03%,Software,US,---,"$11,485,508.64 ","968,424"
,BMQ5T49,Zentalis Pharmaceuticals Inc,ZNTL,0.03%,Biotechnology,US,---,"$11,448,643.50 ","767,850"
,BL0P090,Driven Brands Holdings Inc,DRVN,0.03%,Commercial Services & Supplies,US,---,"$11,448,223.57 ","830,183"
,BNRRP65,Mister Car Wash Inc,MCW,0.03%,Diversified Consumer Services,US,---,"$11,300,331.12 ","1,363,128"
,2407052,Extreme Networks Inc,EXTR,0.03%,Communications Equipment,US,---,"$11,257,474.72 ","890,623"
,BF1BDQ3,Redfin Corp,RDFN,0.03%,Real Estate Management & Development,US,---,"$11,253,403.46 ","1,583,871"
,2116767,Dril-Quip Inc,DRQ,0.03%,Energy Equipment & Services,US,---,"$11,176,039.00 ","494,515"
,BLPNQJ1,Kinetik Holdings Inc,KNTK,0.03%,"Oil, Gas & Consumable Fuels",US,---,"$11,158,047.16 ","315,913"
,BLNB073,PureCycle Technologies Inc,PCT,0.03%,Chemicals,US,---,"$10,993,982.52 ","1,898,788"
,BJ9N563,Sunnova Energy International Inc,NOVA,0.03%,Independent Power and Renewable Electricity Producers,US,---,"$10,946,732.16 ","1,503,672"
,BNTB3N8,Vizio Holding Corp,VZIO,0.03%,Household Durables,US,---,"$10,602,112.53 ","962,953"
,BK8MDM0,Helios Technologies Inc,HLIO,0.03%,Machinery,US,---,"$10,566,110.45 ","239,323"
,BNDYF15,Vimeo Inc,VMEO,0.03%,Interactive Media & Services,US,---,"$10,420,089.36 ","2,175,384"
,2719456,RPC Inc,RES,0.03%,Energy Equipment & Services,US,---,"$10,402,474.38 ","1,407,642"
,B1W8J67,TFS Financial Corp,TFSL,0.03%,Banks,US,---,"$10,342,557.75 ","811,181"
,B3RDWC8,MaxLinear Inc,MXL,0.03%,Semiconductors & Semiconductor Equipment,US,---,"$10,332,709.92 ","531,518"
,BMTD3M6,Open Lending Corp,LPRO,0.03%,Capital Markets,US,---,"$10,061,888.10 ","1,385,935"
,BZ0G875,REGENXBIO Inc,RGNX,0.03%,Biotechnology,US,---,"$9,989,597.12 ","572,798"
,B3SWPT2,Ameresco Inc,AMRC,0.03%,Construction & Engineering,US,---,"$9,861,952.48 ","470,513"
,2795542,Semtech Corp,SMTC,0.03%,Semiconductors & Semiconductor Equipment,US,---,"$9,851,852.00 ","464,710"
,BMXXBD9,Figs Inc,FIGS,0.03%,"Textiles, Apparel & Luxury Goods",US,---,"$9,752,433.30 ","1,864,710"
,BMC9RZ2,ChargePoint Holdings Inc,CHPT,0.03%,Electrical Equipment,US,---,"$9,703,408.59 ","4,687,637"
,BYN5Z59,Live Oak Bancshares Inc,LOB,0.03%,Banks,US,---,"$9,585,309.84 ","241,322"
,2577870,HealthStream Inc,HSTM,0.03%,Health Care Technology,US,---,"$9,562,976.72 ","350,549"
,BNG96D6,Luminar Technologies Inc,LAZR,0.03%,Automobile Components,US,---,"$9,485,821.57 ","3,968,963"
,2037062,Helix Energy Solutions Group Inc,HLX,0.03%,Energy Equipment & Services,US,---,"$9,321,750.00 ","1,035,750"
,BKF9DQ8,Phreesia Inc,PHR,0.03%,Health Care Technology,US,---,"$9,294,318.00 ","375,528"
,BMTW8S4,NerdWallet Inc,NRDS,0.03%,Consumer Finance,US,---,"$9,271,853.22 ","549,606"
,BM8TFC9,Sun Country Airlines Holdings Inc,SNCY,0.03%,Passenger Airlines,US,---,"$9,250,710.00 ","616,714"
,BN0TRB7,LifeStance Health Group Inc,LFST,0.03%,Health Care Providers & Services,US,---,"$9,146,464.75 ","1,095,385"
,BNSP0B8,ImmunityBio Inc,IBRX,0.03%,Biotechnology,US,---,"$9,138,374.19 ","1,932,003"
,BKWBFH2,Virgin Galactic Holdings Inc,SPCE,0.03%,Aerospace & Defense,US,---,"$9,054,411.90 ","5,203,685"
,BQPF874,ACELYRIN Inc,SLRN,0.03%,Biotechnology,US,---,"$8,919,600.30 ","1,055,574"
,BMFNRG2,Olo Inc,OLO,0.03%,Software,US,---,"$8,741,907.72 ","1,502,046"
,2789523,Omnicell Inc,OMCL,0.02%,Health Care Equipment & Supplies,US,---,"$8,640,044.80 ","329,270"
,BD8ZJW2,Yext Inc,YEXT,0.02%,Software,US,---,"$8,529,441.28 ","1,440,784"
,BFZP4R9,nLight Inc,LASR,0.02%,"Electronic Equipment, Instruments & Components",US,---,"$8,489,386.71 ","641,677"
,BNG47W7,Treace Medical Concepts Inc,TMCI,0.02%,Health Care Equipment & Supplies,US,---,"$8,394,328.32 ","624,578"
,BYXHTC0,Cars.com Inc,CARS,0.02%,Interactive Media & Services,US,---,"$8,350,898.92 ","455,338"
,2100362,BioCryst Pharmaceuticals Inc,BCRX,0.02%,Biotechnology,US,---,"$8,340,259.48 ","1,481,396"
,BMTVQT8,GoodRx Holdings Inc,GDRX,0.02%,Health Care Technology,US,---,"$8,331,249.20 ","1,069,480"
,BNNLSZ1,Alignment Healthcare Inc,ALHC,0.02%,Health Care Providers & Services,US,---,"$8,206,962.00 ","1,367,827"
,BPBLNG3,Udemy Inc,UDMY,0.02%,Diversified Consumer Services,US,---,"$8,145,356.40 ","720,828"
,BJDQXG4,Novavax Inc,NVAX,0.02%,Biotechnology,US,---,"$8,063,458.26 ","1,632,279"
,BPBJFM7,Prime Medicine Inc,PRME,0.02%,Biotechnology,US,---,"$7,989,800.71 ","925,817"
,BMZ2WT7,Bumble Inc,BMBL,0.02%,Interactive Media & Services,US,---,"$7,940,185.70 ","693,466"
,BDCBXH9,Camping World Holdings Inc,CWH,0.02%,Specialty Retail,US,---,"$7,789,156.22 ","291,838"
,BK6S6J8,FuelCell Energy Inc,FCEL,0.02%,Electrical Equipment,US,---,"$7,757,280.37 ","6,518,723"
,BJ5FZ74,Adaptive Biotechnologies Corp,ADPT,0.02%,Life Sciences Tools & Services,US,---,"$7,747,300.68 ","1,884,988"
,BMGWSJ8,Corsair Gaming Inc,CRSR,0.02%,"Technology Hardware, Storage & Peripherals",US,---,"$7,718,471.95 ","596,021"
,2186254,Century Aluminum Co,CENX,0.02%,Metals & Mining,US,---,"$7,698,371.13 ","735,279"
,BNV08M7,Arhaus Inc,ARHS,0.02%,Specialty Retail,US,---,"$7,624,330.94 ","576,727"
,2889768,3D Systems Corp,DDD,0.02%,Machinery,US,---,"$7,592,490.90 ","1,833,935"
,BQLSDL6,Savers Value Village Inc,SVV,0.02%,Broadline Retail,US,---,"$7,349,872.64 ","363,136"
,2986937,CEVA Inc,CEVA,0.02%,Semiconductors & Semiconductor Equipment,US,---,"$7,332,145.12 ","323,858"
,BMDCDP2,BigCommerce Holdings Inc,BIGC,0.02%,IT Services,US,---,"$7,252,054.75 ","935,749"
,BS7K7C9,Nevro Corp,NVRO,0.02%,Health Care Equipment & Supplies,US,---,"$7,245,361.76 ","497,621"
,BPCHD26,SmartRent Inc,SMRT,0.02%,"Electronic Equipment, Instruments & Components",US,---,"$7,244,150.70 ","2,497,983"
,BNXH3T8,Instructure Holdings Inc,INST,0.02%,Software,US,---,"$7,190,599.92 ","313,726"
,2927497,Universal Health Realty Income Trust,UHT,0.02%,Health Care REITs,US,---,"$6,979,081.48 ","179,966"
,2202763,Compass Minerals International Inc,CMP,0.02%,Metals & Mining,US,---,"$6,788,084.40 ","297,723"
,BDZT9Y9,Arcus Biosciences Inc,RCUS,0.02%,Biotechnology,US,---,"$6,733,147.84 ","351,968"
,B298495,Kennedy-Wilson Holdings Inc,KW,0.02%,Real Estate Management & Development,US,---,"$6,633,527.06 ","755,527"
,2896809,Tootsie Roll Industries Inc,TR,0.02%,Food Products,US,---,"$6,615,511.08 ","203,429"
,BF5L3R0,Eventbrite Inc,EB,0.02%,Entertainment,US,---,"$6,508,975.20 ","1,162,317"
,BMFPJH3,SEMrush Holdings Inc,SEMR,0.02%,Software,US,---,"$6,486,717.12 ","519,769"
,BMHT0H0,Sterling Check Corp,STER,0.02%,Professional Services,US,---,"$6,415,031.61 ","409,383"
,BMGSDK2,Definitive Healthcare Corp,DH,0.02%,Health Care Technology,US,---,"$6,354,685.68 ","667,509"
,BM8JV32,Planet Labs PBC,PL,0.02%,Professional Services,US,---,"$6,273,224.34 ","2,864,486"
,BMBR683,N-able Inc,NABL,0.02%,Software,US,---,"$6,240,987.75 ","463,325"
,BN0VNB5,HighPeak Energy Inc,HPK,0.02%,"Oil, Gas & Consumable Fuels",US,---,"$6,156,832.05 ","371,565"
,BRBCSP4,CG oncology Inc,CGON,0.02%,Biotechnology,US,---,"$6,154,107.95 ","137,645"
,BLB56T1,P10 Inc,PX,0.02%,Capital Markets,US,---,"$6,088,341.33 ","656,779"
,2379281,Gorman-Rupp Co/The,GRC,0.02%,Machinery,US,---,"$6,012,892.42 ","161,074"
,BY2ZKK0,CryoPort Inc,CYRX,0.02%,Life Sciences Tools & Services,US,---,"$5,945,283.54 ","336,462"
,BMBM6H7,Nikola Corp,NKLA,0.02%,Machinery,US,---,"$5,920,052.95 ","7,954,922"
,BMGCGK5,Rumble Inc,RUM,0.02%,Interactive Media & Services,US,---,"$5,856,058.29 ","896,793"
,BKF9D68,AssetMark Financial Holdings Inc,AMK,0.02%,Capital Markets,US,---,"$5,695,521.30 ","161,118"
,BLR8XV5,MediaAlpha Inc,MAX,0.02%,Interactive Media & Services,US,---,"$5,635,285.00 ","271,580"
,BMGH6N3,ZipRecruiter Inc,ZIP,0.02%,Interactive Media & Services,US,---,"$5,601,061.20 ","440,335"
,2200552,BJ's Restaurants Inc,BJRI,0.02%,"Hotels, Restaurants & Leisure",US,---,"$5,590,978.02 ","159,651"
,BMV7CG3,MeridianLink Inc,MLNK,0.01%,Software,US,---,"$5,206,814.16 ","274,621"
,BN6R7F9,Rush Street Interactive Inc,RSI,0.01%,"Hotels, Restaurants & Leisure",US,---,"$5,149,953.90 ","880,334"
,B3ZG8F4,Spirit Airlines Inc,SAVE,0.01%,Passenger Airlines,US,---,"$5,093,423.10 ","789,678"
,BMB3JJ3,Accolade Inc,ACCD,0.01%,Health Care Providers & Services,US,---,"$5,086,583.00 ","496,252"
,BNKT9M2,Core Laboratories Inc,CLB,0.01%,Energy Equipment & Services,US,---,"$5,059,231.26 ","337,958"
,BMFPWT6,Nextdoor Holdings Inc,KIND,0.01%,Interactive Media & Services,US,---,"$4,905,897.84 ","2,240,136"
,BGHVXJ7,Silk Road Medical Inc,SILK,0.01%,Health Care Equipment & Supplies,US,---,"$4,818,927.33 ","267,867"
,BHHMRR3,Agiliti Inc,AGTI,0.01%,Health Care Providers & Services,US,---,"$4,812,750.18 ","487,614"
,BJ1FDK7,Beyond Meat Inc,BYND,0.01%,Food Products,US,---,"$4,746,135.51 ","443,979"
,BFMKYK0,Frontier Group Holdings Inc,ULCC,0.01%,Passenger Airlines,US,---,"$4,437,553.98 ","639,417"
,BMNDK09,Theravance Biopharma Inc,TBPH,0.01%,Pharmaceuticals,US,---,"$4,435,350.26 ","468,358"
,B0J2NS5,iRobot Corp,IRBT,0.01%,Household Durables,US,---,"$4,369,915.90 ","382,990"
,BP2Q7L0,EVgo Inc,EVGO,0.01%,Specialty Retail,US,---,"$4,212,639.44 ","1,423,189"
,BPG5F19,Bowlero Corp,BOWL,0.01%,"Hotels, Restaurants & Leisure",US,---,"$4,181,158.20 ","335,836"
,BMW4TN9,fuboTV Inc,FUBO,0.01%,Interactive Media & Services,US,---,"$4,165,550.01 ","2,012,343"
,BMDJ3B9,UWM Holdings Corp,UWMC,0.01%,Financial Services,US,---,"$4,101,855.12 ","642,924"
,BN75T01,Matterport Inc,MTTR,0.01%,Software,US,---,"$3,980,255.48 ","1,877,479"
,BP3YM74,CareDx Inc,CDNA,0.01%,Biotechnology,US,---,"$3,955,771.12 ","371,783"
,B59DK93,SunPower Corp,SPWR,0.01%,Electrical Equipment,US,---,"$3,940,603.25 ","1,267,075"
,BFZNYB7,Allogene Therapeutics Inc,ALLO,0.01%,Biotechnology,US,---,"$3,888,489.23 ","791,953"
,BLB56Z7,Enfusion Inc,ENFN,0.01%,Software,US,---,"$3,830,986.89 ","441,867"
,BB2C2R1,Gogo Inc,GOGO,0.01%,Wireless Telecommunication Services,US,---,"$3,802,462.08 ","465,988"
,BN6MB18,Lyell Immunopharma Inc,LYEL,0.01%,Biotechnology,US,---,"$3,727,812.16 ","1,276,648"
,2014021,Alexander's Inc,ALX,0.01%,Retail REITs,US,---,"$3,672,524.70 ","16,614"
,BMBP1P9,Paymentus Holdings Inc,PAY,0.01%,Financial Services,US,---,"$3,667,740.96 ","235,716"
,BN44TB2,TaskUS Inc,TASK,0.01%,Professional Services,US,---,"$3,534,062.93 ","265,121"
,BQ3R1Y0,Getty Images Holdings Inc,GETY,<0.01%,Interactive Media & Services,US,---,"$3,431,534.40 ","727,020"
,BPJM8Q3,BrightSpring Health Services Inc,BTSG,<0.01%,Health Care Providers & Services,US,---,"$3,344,666.57 ","372,043"
,BKLCX50,Health Catalyst Inc,HCAT,<0.01%,Health Care Technology,US,---,"$3,294,004.48 ","395,914"
,BDRW1L7,AnaptysBio Inc,ANAB,<0.01%,Biotechnology,US,---,"$3,193,292.40 ","125,080"
,BPW6T70,SES AI Corp,SES,<0.01%,Electrical Equipment,US,---,"$3,152,639.04 ","1,781,152"
,BF4VWH4,Angi Inc,ANGI,<0.01%,Interactive Media & Services,US,---,"$2,957,755.99 ","1,030,577"
,BNHTRL0,Stem Inc,STEM,<0.01%,Electrical Equipment,US,---,"$2,873,367.36 ","1,072,152"
,2115902,OPKO Health Inc,OPK,<0.01%,Health Care Providers & Services,US,---,"$2,795,800.00 ","2,795,800"
,BPLJ828,ADTRAN Holdings Inc,ADTN,<0.01%,Communications Equipment,US,---,"$2,756,338.42 ","484,418"
,BLD30Q8,EverCommerce Inc,EVCM,<0.01%,Software,US,---,"$2,667,853.32 ","272,508"
,BP2RPZ3,Hagerty Inc,HGTY,<0.01%,Insurance,US,---,"$2,617,029.40 ","304,660"
,BDC84D3,ATN International Inc,ATNI,<0.01%,Diversified Telecommunication Services,US,---,"$2,434,467.36 ","72,584"
,BVFNZL6,Digital Turbine Inc,APPS,<0.01%,Software,US,---,"$2,209,654.84 ","697,052"
,BNQS7K7,Clover Health Investments Corp,CLOV,<0.01%,Health Care Providers & Services,US,---,"$2,125,310.63 ","2,460,135"
,BMXZF55,Consensus Cloud Solutions Inc,CCSI,<0.01%,Software,US,---,"$1,987,548.32 ","124,846"
,BNKD957,Fisker Inc,FSR,<0.01%,Automobiles,US,---,"$1,717,921.38 ","2,359,134"
,BNKLRT1,Innovage Holding Corp,INNV,<0.01%,Health Care Providers & Services,US,---,"$1,465,460.04 ","302,781"
,BNKJ933,Olaplex Holdings Inc,OLPX,<0.01%,Personal Care Products,US,---,"$1,322,978.94 ","711,279"
,BMGWSL0,Outset Medical Inc,OM,<0.01%,Health Care Equipment & Supplies,US,---,"$1,145,173.05 ","363,547"
,BNQQ6C6,Beauty Health Co/The,SKIN,<0.01%,Personal Care Products,US,---,"$1,030,977.99 ","309,603"
,BMGS8C9,Desktop Metal Inc,DM,<0.01%,Machinery,US,---,"$1,006,737.70 ","1,645,803"
,BRDV332,Net Power Inc,NPWR,<0.01%,Electrical Equipment,US,---,"$823,437.96 ","100,788"
,BYQN8D9,WideOpenWest Inc,WOW,<0.01%,Media,US,---,"$727,252.00 ","181,813"
,BZB13V8,SecureWorks Corp,SCWX,<0.01%,Software,US,---,"$680,994.60 ","103,181"
,BRJQ8L4,Mural Oncology PLC,MURA,<0.01%,Biotechnology,US,---,"$639,370.56 ","120,864"
,BLBM4T8,OPAL Fuels Inc,OPAL,<0.01%,"Oil, Gas & Consumable Fuels",US,---,"$628,866.36 ","131,562"
,BND9KF9,ProKidney Corp,PROK,<0.01%,Biotechnology,US,---,"$310,280.28 ","190,356"
,BP830S3,Enviva Inc,EVA,<0.01%,"Oil, Gas & Consumable Fuels",US,---,"$97,055.15 ","242,820"
,BN4JN37,Neumora Therapeutics Inc,NMRA,<0.01%,Pharmaceuticals,US,---,"$63,432.74 ","3,598"
,BN4L6W3,Maplebear Inc,CART,<0.01%,Consumer Staples Distribution & Retail,US,---,"$59,125.18 ","1,817"
,BPLYVR9,Liberty Media Corp-Liberty Live,LLYVK,<0.01%,Entertainment,US,---,$39.71 ,0.997
,---,OMNIAB INC - 12.5 EARNOUT,---,<0.01%,---,US,---,$0.45 ,"45,320"
,---,OMNIAB INC - 15 EARNOUT,---,<0.01%,---,US,---,$0.45 ,"45,320"
,9020106,GCI Liberty Inc ESCROW DUMMY,---,<0.01%,---,US,---,$0.15 ,"14,603"
,,,,,,,,,
,,,,,,,,,
Fixed income,as of 02/29/2024,,,,,,,,
,,,,,,,,,
,SEDOL,HOLDINGS,TICKER,% OF FUNDS*,MARKET VALUE*,FACEAMOUNT,COUPONYIELD,MATURITY DATE,
,,,,,,,,,
,,,,,,,,,
,,,,,,,,,
Short-term reserves,as of 02/29/2024,,,,,,,,
,,,,,,,,,
,SEDOL,HOLDINGS,TICKER,% OF FUNDS*,MARKET VALUE*,,,,
,---,SLCMT1142,---,1.69%,"$590,532,751.82 ",,,,
,---,MKTLIQ,---,0.30%,"$104,481,605.89 ",,,,
,---,Synthetic Cash - CMS USD,---,<0.01%,"$2,380,000.00 ",,,,
,---,Synthetic Cash - ZVGI USD,---,<0.01%,"$987,000.00 ",,,,
,---,Synthetic Cash - BGS USD,---,<0.01%,"$40,000.00 ",,,,
,2353650,Vanguard Small-Cap Growth ETF,VBK,<0.01%,$253.57 ,,,,
,---,Synthetic Cash - QMS USD,---,<0.01%,"($291,616.31)",,,,
,,,,,,,,,
,,,,,,,,,
,,,,,,,,,
** There may be deviations when applying fair value and other considerations.,,,,,,,,,
,,,,,,,,,
,,,,,,,,,
,,,,,,,,,
"Sector categories are based on the Industry Classification Benchmark system (“ICB”), except for the “Other” category (if applicable), which includes securities that have not been provided an ICB classification as of the effective reporting period.",,,,,,,,,
,,,,,,,,,
,,,,,,,,,
,,,,,,,,,
"For more information about Vanguard funds and Vanguard ETF Shares, visit advisors.vanguard.com or call 800-997-2798 to obtain a prospectus or, if available, a summary prospectus. Investment objectives, risks, charges, expenses, and other important information about a fund are contained in the prospectus; read and consider it carefully before investing.",,,,,,,,,
