SEDOL,HOLDINGS,TICKER,% OF FUNDS*,SECTOR,COUNTRY,SECURITYDEPOSITORYRECEIPTTYPE,MARKET VALUE*,SHARES
B0BV2M7,Builders FirstSource Inc,BLDR,0.79%,Building Products,US,---,"$423,278,863.62 ","2,168,659"
B5367T7,Booz Allen Hamilton Holding Corp,BAH,0.64%,Professional Services,US,---,"$338,588,247.50 ","2,292,250"
2729068,Reliance Inc,RS,0.61%,Metals & Mining,US,---,"$324,596,343.42 ","1,010,511"
2456612,IDEX Corp,IEX,0.59%,Machinery,US,---,"$313,654,999.00 ","1,329,610"
2471789,Jabil Inc,JBL,0.58%,"Electronic Equipment, Instruments & Components",US,---,"$307,937,188.53 ","2,137,117"
2176318,Carlisle Cos Inc,CSL,0.56%,Building Products,US,---,"$299,555,200.00 ","855,872"
2355582,First Citizens BancShares Inc/NC,FCNCA,0.53%,Banks,US,---,"$280,479,696.77 ","178,217"
2315359,Atmos Energy Corp,ATO,0.51%,Gas Utilities,US,---,"$273,612,544.80 ","2,423,280"
BQ6BPG9,Bunge Global SA,BG,0.50%,Food Products,US,---,"$267,845,935.61 ","2,838,253"
2756174,RPM International Inc,RPM,0.49%,Chemicals,US,---,"$261,278,131.50 ","2,265,090"
2474164,EMCOR Group Inc,EME,0.49%,Construction & Engineering,US,---,"$259,336,533.04 ","827,177"
BJ01KB6,Ovintiv Inc,OVV,0.44%,"Oil, Gas & Consumable Fuels",US,---,"$236,039,228.55 ","4,777,155"
B1FW7Q2,Owens Corning,OC,0.44%,Building Products,US,---,"$234,005,637.62 ","1,562,329"
2491594,Kimco Realty Corp,KIM,0.44%,Retail REITs,US,---,"$233,415,533.52 ","11,812,527"
B6Z1355,XPO Inc,XPO,0.44%,Ground Transportation,US,---,"$233,072,473.60 ","1,937,105"
BLS09M3,Pentair PLC,PNR,0.42%,Machinery,US,---,"$226,102,547.04 ","2,906,576"
2212922,NRG Energy Inc,NRG,0.41%,Electric Utilities,US,---,"$219,582,339.84 ","3,969,312"
2896092,Toll Brothers Inc,TOL,0.41%,Household Durables,US,---,"$216,612,050.72 ","1,889,498"
2967589,Williams-Sonoma Inc,WSM,0.40%,Specialty Retail,US,---,"$212,591,733.30 ","902,610"
B1VZ431,AECOM,ACM,0.40%,Construction & Engineering,US,---,"$212,437,033.83 ","2,391,501"
BYVYD43,Performance Food Group Co,PFGC,0.39%,Consumer Staples Distribution & Retail,US,---,"$210,012,856.47 ","2,735,611"
2431846,Juniper Networks Inc,JNPR,0.39%,Communications Equipment,US,---,"$207,614,360.59 ","5,606,653"
2728429,RenaissanceRe Holdings Ltd,RNR,0.39%,Insurance,US,---,"$207,484,129.80 ","922,890"
2731193,Reinsurance Group of America Inc,RGA,0.38%,Insurance,US,---,"$204,870,467.70 ","1,158,442"
BYR0914,Westrock Co,WRK,0.38%,Containers & Packaging,US,---,"$204,243,950.68 ","4,509,692"
BKRMR96,Equitable Holdings Inc,EQH,0.38%,Financial Services,US,---,"$203,798,123.52 ","5,952,048"
B40SSC9,Huntington Ingalls Industries Inc,HII,0.38%,Aerospace & Defense,US,---,"$203,680,822.52 ","698,446"
BKRTG56,Carlyle Group Inc/The,CG,0.38%,Capital Markets,US,---,"$203,604,215.15 ","4,440,659"
BFPK4S5,Gaming and Leisure Properties Inc,GLPI,0.38%,Specialized REITs,US,---,"$202,861,311.48 ","4,460,451"
2730082,Regal Rexnord Corp,RRX,0.38%,Electrical Equipment,US,---,"$200,061,262.94 ","1,166,606"
BYVFC94,US Foods Holding Corp,USFD,0.37%,Consumer Staples Distribution & Retail,US,---,"$197,589,708.33 ","3,890,327"
BFRT3W7,Allegion plc,ALLE,0.37%,Building Products,US,---,"$197,330,774.18 ","1,543,214"
2427599,F5 Inc,FFIV,0.37%,Communications Equipment,US,---,"$196,549,734.26 ","1,049,833"
BDVJJQ5,nVent Electric PLC,NVT,0.37%,Electrical Equipment,US,---,"$196,372,305.36 ","2,916,998"
BF09HX3,Tapestry Inc,TPR,0.36%,"Textiles, Apparel & Luxury Goods",US,---,"$191,536,916.83 ","4,029,811"
2430412,United Therapeutics Corp,UTHR,0.35%,Biotechnology,US,---,"$186,410,229.60 ","826,140"
BYVZ186,Cleveland-Cliffs Inc,CLF,0.35%,Metals & Mining,US,---,"$184,654,808.00 ","8,877,635"
BNNTGJ5,Bath & Body Works Inc,BBWI,0.34%,Specialty Retail,US,---,"$182,706,223.60 ","3,997,948"
BZBY209,ITT Inc,ITT,0.34%,Machinery,US,---,"$182,097,722.24 ","1,443,616"
BMZ5LZ5,Chesapeake Energy Corp,CHK,0.34%,"Oil, Gas & Consumable Fuels",US,---,"$181,234,227.44 ","2,189,348"
2849472,Steel Dynamics Inc,STLD,0.34%,Metals & Mining,US,---,"$180,885,163.10 ","1,351,705"
2797560,Service Corp International/US,SCI,0.34%,Diversified Consumer Services,US,---,"$180,657,365.46 ","2,468,334"
2487407,East West Bancorp Inc,EWBC,0.34%,Banks,US,---,"$180,580,887.04 ","2,478,464"
B3MC7D6,Fortune Brands Innovations Inc,FBIN,0.34%,Building Products,US,---,"$180,312,803.86 ","2,216,779"
BCV7KT2,American Airlines Group Inc,AAL,0.34%,Passenger Airlines,US,---,"$180,212,670.40 ","11,493,155"
BDFG6S3,Hubbell Inc,HUBB,0.34%,Electrical Equipment,US,---,"$179,426,139.81 ","471,343"
BJMLSD2,Karuna Therapeutics Inc,KRTX,0.33%,Biotechnology,US,---,"$177,014,402.18 ","563,794"
B72XK05,Ally Financial Inc,ALLY,0.33%,Consumer Finance,US,---,"$176,570,322.39 ","4,773,461"
BFZNZF8,BJ's Wholesale Club Holdings Inc,BJ,0.32%,Consumer Staples Distribution & Retail,US,---,"$171,279,092.16 ","2,345,004"
2923785,Universal Health Services Inc,UHS,0.32%,Health Care Providers & Services,US,---,"$170,204,570.38 ","1,018,823"
2692687,Brown & Brown Inc,BRO,0.32%,Insurance,US,---,"$168,541,093.98 ","2,001,438"
BPMQ7X2,Annaly Capital Management Inc,NLY,0.32%,Mortgage Real Estate Investment Trusts (REITs),US,---,"$167,870,473.06 ","8,793,634"
2331430,Assurant Inc,AIZ,0.31%,Insurance,US,---,"$167,732,017.10 ","924,398"
2824770,United States Steel Corp,X,0.31%,Metals & Mining,US,---,"$167,083,500.24 ","3,529,436"
B8DMK08,Tenet Healthcare Corp,THC,0.31%,Health Care Providers & Services,US,---,"$166,042,572.00 ","1,785,404"
2883890,Tetra Tech Inc,TTEK,0.31%,Commercial Services & Supplies,US,---,"$166,000,245.84 ","936,162"
2045247,AptarGroup Inc,ATR,0.30%,Containers & Packaging,US,---,"$162,454,771.86 ","1,156,591"
2019479,Boston Properties Inc,BXP,0.30%,Office REITs,US,---,"$160,768,945.68 ","2,484,069"
BNNF1C1,Apa Corp,APA,0.30%,"Oil, Gas & Consumable Fuels",US,---,"$160,656,367.77 ","5,392,963"
2134532,American Financial Group Inc/OH,AFG,0.30%,Insurance,US,---,"$159,811,560.85 ","1,251,755"
2040640,Jones Lang LaSalle Inc,JLL,0.30%,Real Estate Management & Development,US,---,"$159,160,110.72 ","836,628"
BDV82B8,Leidos Holdings Inc,LDOS,0.29%,Professional Services,US,---,"$154,541,185.50 ","1,208,675"
BF0LKD0,Knight-Swift Transportation Holdings Inc,KNX,0.29%,Ground Transportation,US,---,"$151,868,413.80 ","2,695,570"
2276467,Donaldson Co Inc,DCI,0.28%,Machinery,US,---,"$151,838,768.82 ","2,120,061"
B50K3X8,Primerica Inc,PRI,0.28%,Insurance,US,---,"$151,028,410.14 ","615,789"
BLCF3J9,Essential Utilities Inc,WTRG,0.28%,Water Utilities,US,---,"$150,402,805.90 ","4,324,405"
BMZQ9C1,HF Sinclair Corp,DINO,0.28%,"Oil, Gas & Consumable Fuels",US,---,"$149,918,542.50 ","2,701,235"
2159267,CACI International Inc,CACI,0.28%,Professional Services,US,---,"$146,805,129.45 ","391,637"
B3V9F12,PVH Corp,PVH,0.27%,"Textiles, Apparel & Luxury Goods",US,---,"$145,206,954.88 ","1,062,464"
B9CGTC3,Norwegian Cruise Line Holdings Ltd,NCLH,0.27%,"Hotels, Restaurants & Leisure",US,---,"$145,045,266.24 ","7,480,416"
BN7P9B2,Federal Realty Investment Trust,FRT,0.27%,Retail REITs,US,---,"$144,748,996.50 ","1,435,290"
2515030,Lithia Motors Inc,LAD,0.27%,Specialty Retail,US,---,"$144,717,227.42 ","483,907"
2404871,MKS Instruments Inc,MKSI,0.27%,Semiconductors & Semiconductor Equipment,US,---,"$144,381,473.28 ","1,176,128"
2945143,Webster Financial Corp,WBS,0.27%,Banks,US,---,"$144,175,552.20 ","3,026,355"
2433842,Unum Group,UNM,0.27%,Insurance,US,---,"$144,097,893.40 ","2,914,012"
2455761,EastGroup Properties Inc,EGP,0.27%,Industrial REITs,US,---,"$143,117,776.76 ","814,604"
B1HHB18,KBR Inc,KBR,0.27%,Professional Services,US,---,"$142,480,424.61 ","2,373,487"
2110703,Robert Half Inc,RHI,0.27%,Professional Services,US,---,"$142,219,399.20 ","1,768,898"
B570P91,Lear Corp,LEA,0.26%,Automobile Components,US,---,"$140,729,222.05 ","1,024,603"
BCZWJ63,Murphy USA Inc,MUSA,0.26%,Specialty Retail,US,---,"$140,389,335.57 ","336,657"
2793610,SEI Investments Co,SEIC,0.26%,Capital Markets,US,---,"$140,038,642.75 ","2,082,359"
B2Q8249,Graphic Packaging Holding Co,GPK,0.26%,Containers & Packaging,US,---,"$139,661,654.40 ","5,381,952"
BH3XG17,Aramark,ARMK,0.26%,"Hotels, Restaurants & Leisure",US,---,"$139,462,738.74 ","4,598,178"
2341484,First Horizon Corp,FHN,0.26%,Banks,US,---,"$138,558,063.30 ","9,826,813"
BF5L3T2,Elanco Animal Health Inc,ELAN,0.26%,Pharmaceuticals,US,---,"$137,679,556.49 ","8,664,541"
2818461,Acuity Brands Inc,AYI,0.26%,Electrical Equipment,US,---,"$136,700,186.48 ","544,102"
2048804,Pinnacle West Capital Corp,PNW,0.26%,Electric Utilities,US,---,"$136,156,954.54 ","1,992,638"
2828619,Southwestern Energy Co,SWN,0.25%,"Oil, Gas & Consumable Fuels",US,---,"$134,981,626.39 ","19,366,087"
B7K24P7,Ingredion Inc,INGR,0.25%,Food Products,US,---,"$134,812,449.36 ","1,146,072"
2416973,WESCO International Inc,WCC,0.25%,Trading Companies & Distributors,US,---,"$134,266,536.36 ","898,164"
2043274,Omega Healthcare Investors Inc,OHI,0.25%,Health Care REITs,US,---,"$134,053,943.52 ","4,307,646"
BQPCHB2,Permian Resources Corp,PR,0.25%,"Oil, Gas & Consumable Fuels",US,---,"$132,983,851.20 ","8,546,520"
BYX2YJ7,Encompass Health Corp,EHC,0.25%,Health Care Providers & Services,US,---,"$131,102,620.80 ","1,762,132"
BMBPH06,API Group Corp,APG,0.25%,Construction & Engineering,US,---,"$130,677,791.25 ","3,728,325"
2211811,NNN REIT Inc,NNN,0.25%,Retail REITs,US,---,"$130,544,302.85 ","3,208,265"
BDTZZG7,Science Applications International Corp,SAIC,0.24%,Professional Services,US,---,"$130,260,212.16 ","930,696"
2086309,Applied Industrial Technologies Inc,AIT,0.24%,Trading Companies & Distributors,US,---,"$129,399,021.38 ","681,442"
2849234,Stifel Financial Corp,SF,0.24%,Capital Markets,US,---,"$129,269,384.72 ","1,704,052"
2351449,FTI Consulting Inc,FCN,0.24%,Professional Services,US,---,"$129,148,977.60 ","624,270"
2111955,BorgWarner Inc,BWA,0.24%,Automobile Components,US,---,"$128,687,808.92 ","4,133,884"
B65VZ37,Acadia Healthcare Co Inc,ACHC,0.24%,Health Care Providers & Services,US,---,"$128,530,774.85 ","1,540,213"
2659109,Old Republic International Corp,ORI,0.24%,Insurance,US,---,"$128,470,932.96 ","4,436,151"
2663520,Oshkosh Corp,OSK,0.24%,Machinery,US,---,"$127,530,572.50 ","1,150,375"
2523334,Range Resources Corp,RRC,0.24%,"Oil, Gas & Consumable Fuels",US,---,"$127,443,081.96 ","4,030,458"
BSFWCF5,Axalta Coating Systems Ltd,AXTA,0.24%,Chemicals,US,---,"$126,669,027.60 ","3,870,120"
2969637,Dick's Sporting Goods Inc,DKS,0.24%,Specialty Retail,US,---,"$126,603,423.55 ","711,695"
BKWQ2N2,Voya Financial Inc,VOYA,0.24%,Financial Services,US,---,"$125,595,298.68 ","1,837,263"
B4Q5ZN4,Jazz Pharmaceuticals PLC,JAZZ,0.23%,Pharmaceuticals,US,---,"$125,031,435.20 ","1,051,568"
2105505,H&R Block Inc,HRB,0.23%,Diversified Consumer Services,US,---,"$123,882,219.45 ","2,530,791"
2360757,First Industrial Realty Trust Inc,FR,0.23%,Industrial REITs,US,---,"$123,278,265.00 ","2,326,005"
2010278,AGCO Corp,AGCO,0.23%,Machinery,US,---,"$122,788,197.30 ","1,119,309"
2572303,Mattel Inc,MAT,0.23%,Leisure Products,US,---,"$122,334,478.40 ","6,209,872"
BFD2WR8,Antero Resources Corp,AR,0.23%,"Oil, Gas & Consumable Fuels",US,---,"$122,232,078.40 ","4,756,112"
BYNPPC6,DENTSPLY SIRONA Inc,XRAY,0.23%,Health Care Equipment & Supplies,US,---,"$121,741,039.28 ","3,725,246"
2632003,New York Times Co/The,NYT,0.23%,Media,US,---,"$121,022,155.08 ","2,733,111"
BKM4S16,MSA Safety Inc,MSA,0.23%,Commercial Services & Supplies,US,---,"$120,919,519.40 ","656,636"
BKLJ8V2,Howmet Aerospace Inc,HWM,0.23%,Aerospace & Defense,US,---,"$120,509,405.50 ","1,810,810"
BFTDJL8,Brixmor Property Group Inc,BRX,0.22%,Retail REITs,US,---,"$119,528,443.30 ","5,286,530"
B28XP76,Invesco Ltd,IVZ,0.22%,Capital Markets,US,---,"$119,372,285.97 ","7,746,417"
B64BRQ5,STAG Industrial Inc,STAG,0.22%,Industrial REITs,US,---,"$118,585,717.32 ","3,192,938"
B4PZ892,Allison Transmission Holdings Inc,ALSN,0.22%,Machinery,US,---,"$118,539,288.00 ","1,573,600"
BMQ60Q1,UFP Industries Inc,UFPI,0.22%,Building Products,US,---,"$118,346,304.60 ","1,032,420"
B4V9661,Ralph Lauren Corp,RL,0.22%,"Textiles, Apparel & Luxury Goods",US,---,"$116,980,492.16 ","629,198"
BH4GV32,Vontier Corp,VNT,0.22%,"Electronic Equipment, Instruments & Components",US,---,"$116,695,120.00 ","2,713,840"
2414580,Hasbro Inc,HAS,0.22%,Leisure Products,US,---,"$116,573,577.83 ","2,318,027"
2658526,Olin Corp,OLN,0.22%,Chemicals,US,---,"$115,947,016.20 ","2,155,149"
2657802,OGE Energy Corp,OGE,0.22%,Electric Utilities,US,---,"$115,939,033.92 ","3,522,912"
2212870,Comerica Inc,CMA,0.22%,Banks,US,---,"$114,550,637.64 ","2,319,778"
2889876,Thor Industries Inc,THO,0.21%,Automobiles,US,---,"$114,075,841.88 ","889,966"
2598699,Mohawk Industries Inc,MHK,0.21%,Household Durables,US,---,"$112,932,526.86 ","952,053"
BYYHJL8,AGNC Investment Corp,AGNC,0.21%,Mortgage Real Estate Investment Trusts (REITs),US,---,"$112,837,865.44 ","11,803,124"
BNFX071,SouthState Corp,SSB,0.21%,Banks,US,---,"$112,457,789.84 ","1,338,146"
B8BR3H3,Berry Global Group Inc,BERY,0.21%,Containers & Packaging,US,---,"$112,338,314.80 ","1,929,880"
2898087,DaVita Inc,DVA,0.21%,Health Care Providers & Services,US,---,"$112,117,430.31 ","883,023"
BLDDYB1,Chord Energy Corp,CHRD,0.21%,"Oil, Gas & Consumable Fuels",US,---,"$112,016,747.70 ","689,546"
2051404,Arrow Electronics Inc,ARW,0.21%,"Electronic Equipment, Instruments & Components",US,---,"$111,914,755.00 ","952,466"
2719070,RLI Corp,RLI,0.21%,Insurance,US,---,"$111,593,874.85 ","761,993"
B1BHXZ2,Evercore Inc,EVR,0.21%,Capital Markets,US,---,"$111,585,549.72 ","596,459"
BCGCR79,Sprouts Farmers Market Inc,SFM,0.21%,Consumer Staples Distribution & Retail,US,---,"$111,525,395.24 ","1,786,121"
2766173,Selective Insurance Group Inc,SIGI,0.21%,Insurance,US,---,"$111,293,140.80 ","1,065,210"
BDHF495,Atkore Inc,ATKR,0.21%,Electrical Equipment,US,---,"$111,182,471.40 ","656,331"
2213260,Commercial Metals Co,CMC,0.21%,Metals & Mining,US,---,"$111,016,656.00 ","2,055,864"
2696838,Fluor Corp,FLR,0.21%,Construction & Engineering,US,---,"$110,270,795.20 ","2,996,489"
2983563,CarMax Inc,KMX,0.21%,Specialty Retail,US,---,"$110,091,161.00 ","1,393,559"
2239556,Cullen/Frost Bankers Inc,CFR,0.21%,Banks,US,---,"$110,017,529.43 ","1,013,893"
BG0Q4Z2,Jefferies Financial Group Inc,JEF,0.20%,Capital Markets,US,---,"$108,362,143.92 ","2,591,156"
BP0VMC3,U-Haul Holding Co,UHAL/B,0.20%,Ground Transportation,US,---,"$108,353,157.90 ","1,704,470"
2002554,TD SYNNEX Corp,SNX,0.20%,"Electronic Equipment, Instruments & Components",US,---,"$108,058,181.90 ","1,040,021"
2475060,Insight Enterprises Inc,NSIT,0.20%,"Electronic Equipment, Instruments & Components",US,---,"$107,711,404.00 ","572,933"
2213204,Commerce Bancshares Inc/MO,CBSH,0.20%,Banks,US,---,"$107,510,216.60 ","2,065,915"
2004185,Abercrombie & Fitch Co,ANF,0.20%,Specialty Retail,US,---,"$107,507,740.32 ","841,482"
B3PQ520,Starwood Property Trust Inc,STWD,0.20%,Mortgage Real Estate Investment Trusts (REITs),US,---,"$106,709,209.51 ","5,233,409"
B86QM90,Popular Inc,BPOP,0.20%,Banks,US,---,"$106,193,267.20 ","1,269,040"
2149309,Brunswick Corp/DE,BC,0.20%,Leisure Products,US,---,"$105,759,418.80 ","1,210,062"
2466321,Interpublic Group of Cos Inc/The,IPG,0.20%,Media,US,---,"$105,757,837.60 ","3,368,084"
B0CCGJ4,Western Alliance Bancorp,WAL,0.20%,Banks,US,---,"$105,596,714.04 ","1,829,148"
2425258,Wintrust Financial Corp,WTFC,0.19%,Banks,US,---,"$103,787,352.85 ","1,077,191"
2960384,Whirlpool Corp,WHR,0.19%,Household Durables,US,---,"$103,616,959.74 ","964,866"
BNYD4F8,Crane Co,CR,0.19%,Machinery,US,---,"$103,245,891.96 ","849,341"
2989828,Zions Bancorp NA,ZION,0.19%,Banks,US,---,"$102,753,673.11 ","2,605,977"
2611206,Murphy Oil Corp,MUR,0.19%,"Oil, Gas & Consumable Fuels",US,---,"$102,370,021.80 ","2,580,540"
BP0V999,Frontier Communications Parent Inc,FYBR,0.19%,Diversified Telecommunication Services,US,---,"$102,363,098.88 ","4,322,766"
B832462,Taylor Morrison Home Corp,TMHC,0.19%,Household Durables,US,---,"$101,514,637.08 ","1,793,228"
2601326,Meritage Homes Corp,MTH,0.19%,Household Durables,US,---,"$100,952,693.54 ","640,319"
B4NFPK4,First American Financial Corp,FAF,0.19%,Insurance,US,---,"$100,692,940.59 ","1,723,899"
2928683,VF Corp,VFC,0.19%,"Textiles, Apparel & Luxury Goods",US,---,"$100,589,497.52 ","6,156,028"
2726177,Regency Centers Corp,REG,0.19%,Retail REITs,US,---,"$100,572,913.35 ","1,623,453"
BK6YKG1,Globe Life Inc,GL,0.19%,Insurance,US,---,"$99,875,885.94 ","786,858"
BJLTMN5,Esab Corp,ESAB,0.19%,Machinery,US,---,"$99,819,291.60 ","1,007,055"
BYSZB89,OneMain Holdings Inc,OMF,0.19%,Consumer Finance,US,---,"$99,613,501.45 ","2,109,115"
B067BM3,Molson Coors Beverage Co,TAP,0.19%,Beverages,US,---,"$99,284,253.28 ","1,590,584"
BN7L880,DT Midstream Inc,DTM,0.18%,"Oil, Gas & Consumable Fuels",US,---,"$98,305,772.67 ","1,705,809"
2943620,Watts Water Technologies Inc,WTS,0.18%,Machinery,US,---,"$98,168,477.20 ","481,336"
BDG22J3,Valvoline Inc,VVV,0.18%,Specialty Retail,US,---,"$97,996,271.36 ","2,298,224"
BN7K304,Academy Sports & Outdoors Inc,ASO,0.18%,Specialty Retail,US,---,"$97,823,349.28 ","1,309,199"
2310257,Prosperity Bancshares Inc,PB,0.18%,Banks,US,---,"$97,752,221.31 ","1,566,291"
2288406,Flowserve Corp,FLS,0.18%,Machinery,US,---,"$97,663,048.96 ","2,307,728"
2821395,Sonoco Products Co,SON,0.18%,Containers & Packaging,US,---,"$97,660,320.16 ","1,723,012"
2609717,Mueller Industries Inc,MLI,0.18%,Machinery,US,---,"$97,462,824.76 ","1,896,902"
2062161,Agree Realty Corp,ADC,0.18%,Retail REITs,US,---,"$97,140,884.75 ","1,767,805"
2548616,MGIC Investment Corp,MTG,0.18%,Financial Services,US,---,"$97,041,301.11 ","4,878,899"
2036047,Comfort Systems USA Inc,FIX,0.18%,Construction & Engineering,US,---,"$96,012,672.12 ","314,044"
BFWGXR8,Essent Group Ltd,ESNT,0.18%,Financial Services,US,---,"$95,585,165.28 ","1,784,304"
B02TS99,Beacon Roofing Supply Inc,BECN,0.18%,Trading Companies & Distributors,US,---,"$95,426,280.81 ","1,111,029"
BJ1C2K1,Element Solutions Inc,ESI,0.18%,Chemicals,US,---,"$94,834,696.50 ","4,035,519"
B9BP4R1,Boise Cascade Co,BCC,0.18%,Trading Companies & Distributors,US,---,"$94,504,882.59 ","695,349"
BJ1N1M9,Capri Holdings Ltd,CPRI,0.18%,"Textiles, Apparel & Luxury Goods",US,---,"$94,294,932.69 ","2,044,113"
2949758,Nexstar Media Group Inc,NXST,0.18%,Media,US,---,"$94,212,075.54 ","566,962"
2892807,Timken Co/The,TKR,0.18%,Machinery,US,---,"$93,804,147.51 ","1,116,849"
2127899,Affiliated Managers Group Inc,AMG,0.17%,Capital Markets,US,---,"$92,970,218.11 ","594,781"
BMH4NJ8,Synovus Financial Corp,SNV,0.17%,Banks,US,---,"$92,758,936.90 ","2,444,885"
BRJ9GW0,Rithm Capital Corp,RITM,0.17%,Mortgage Real Estate Investment Trusts (REITs),US,---,"$92,105,854.00 ","8,496,850"
2881407,Teleflex Inc,TFX,0.17%,Health Care Equipment & Supplies,US,---,"$92,081,334.90 ","413,310"
2298386,Eastman Chemical Co,EMN,0.17%,Chemicals,US,---,"$91,505,976.28 ","1,042,922"
BFMBMT8,Sensata Technologies Holding PLC,ST,0.17%,Electrical Equipment,US,---,"$91,489,048.40 ","2,658,020"
BJT1RW7,Lyft Inc,LYFT,0.17%,Ground Transportation,US,---,"$91,271,760.96 ","5,747,592"
2493534,Kirby Corp,KEX,0.17%,Marine Transportation,US,---,"$91,058,096.88 ","1,038,054"
B7F4TJ7,PBF Energy Inc,PBF,0.17%,"Oil, Gas & Consumable Fuels",US,---,"$90,342,177.40 ","1,934,522"
2910118,UGI Corp,UGI,0.17%,Gas Utilities,US,---,"$90,108,040.32 ","3,680,884"
2473138,Rayonier Inc,RYN,0.17%,Specialized REITs,US,---,"$89,794,610.62 ","2,608,034"
2732635,AutoNation Inc,AN,0.17%,Specialty Retail,US,---,"$89,494,564.60 ","597,427"
BQ1L7V3,SPX Technologies Inc,SPXC,0.17%,Machinery,US,---,"$89,406,946.37 ","762,923"
BW9JPS4,Summit Materials Inc,SUM,0.17%,Construction Materials,US,---,"$89,366,446.71 ","2,092,401"
BMCS168,Cadence Bank,CADE,0.17%,Banks,US,---,"$88,933,930.08 ","3,212,931"
2166320,Camden Property Trust,CPT,0.17%,Residential REITs,US,---,"$88,745,252.96 ","939,302"
BP6JW21,Kyndryl Holdings Inc,KD,0.17%,IT Services,US,---,"$88,685,486.11 ","4,036,663"
BBBSMJ2,Coty Inc,COTY,0.17%,Personal Care Products,US,---,"$88,553,928.32 ","7,050,472"
2860826,Stericycle Inc,SRCL,0.17%,Commercial Services & Supplies,US,---,"$88,510,859.43 ","1,627,337"
2232793,Sealed Air Corp,SEE,0.17%,Containers & Packaging,US,---,"$88,456,228.41 ","2,536,743"
2416962,Henry Schein Inc,HSIC,0.16%,Health Care Providers & Services,US,---,"$87,824,877.36 ","1,148,488"
B00V7H8,Assured Guaranty Ltd,AGO,0.16%,Insurance,US,---,"$87,562,913.20 ","955,927"
2692933,Polaris Inc,PII,0.16%,Leisure Products,US,---,"$87,482,732.07 ","943,617"
BZ56Q65,Bank OZK,OZK,0.16%,Banks,US,---,"$87,191,389.80 ","1,990,671"
2197308,Cirrus Logic Inc,CRUS,0.16%,Semiconductors & Semiconductor Equipment,US,---,"$87,066,294.96 ","948,228"
BP96PQ4,Catalent Inc,CTLT,0.16%,Pharmaceuticals,US,---,"$86,379,212.26 ","1,506,439"
B1F76F9,Western Union Co/The,WU,0.16%,Financial Services,US,---,"$85,968,653.67 ","6,410,787"
BYNF418,Alcoa Corp,AA,0.16%,Metals & Mining,US,---,"$85,296,901.23 ","3,134,763"
BSPHGN6,Lamar Advertising Co,LAMR,0.16%,Specialized REITs,US,---,"$85,166,393.40 ","770,388"
2672537,Patterson-UTI Energy Inc,PTEN,0.16%,Energy Equipment & Services,US,---,"$84,779,313.84 ","7,327,512"
2658441,Old National Bancorp/IN,ONB,0.16%,Banks,US,---,"$84,593,157.43 ","5,148,701"
2760669,Ryder System Inc,R,0.16%,Ground Transportation,US,---,"$84,508,050.90 ","740,649"
2535243,Louisiana-Pacific Corp,LPX,0.16%,Paper & Forest Products,US,---,"$84,462,200.68 ","1,141,844"
2677606,Axis Capital Holdings Ltd,AXS,0.16%,Insurance,US,---,"$84,353,432.65 ","1,348,145"
2012605,Alaska Air Group Inc,ALK,0.16%,Passenger Airlines,US,---,"$84,124,209.68 ","2,249,912"
2041308,FNB Corp/PA,FNB,0.16%,Banks,US,---,"$84,097,947.96 ","6,304,194"
2345022,Macy's Inc,M,0.16%,Broadline Retail,US,---,"$83,840,271.20 ","4,807,355"
2485070,KB Home,KBH,0.16%,Household Durables,US,---,"$83,320,691.09 ","1,254,263"
2162500,Cabot Corp,CBT,0.16%,Chemicals,US,---,"$82,654,566.05 ","972,979"
2905794,United Bankshares Inc/WV,UBSI,0.15%,Banks,US,---,"$82,363,981.34 ","2,374,286"
2516378,Lincoln National Corp,LNC,0.15%,Insurance,US,---,"$82,063,361.52 ","2,979,788"
2567655,MSC Industrial Direct Co Inc,MSM,0.15%,Trading Companies & Distributors,US,---,"$81,312,217.00 ","805,550"
2831888,Southwest Gas Holdings Inc,SWX,0.15%,Gas Utilities,US,---,"$81,230,438.40 ","1,191,936"
2427986,Crown Holdings Inc,CCK,0.15%,Containers & Packaging,US,---,"$81,190,842.72 ","1,059,656"
2101967,SLM Corp,SLM,0.15%,Consumer Finance,US,---,"$80,929,653.35 ","3,885,245"
BJBLRK3,Healthpeak Properties Inc,DOC,0.15%,Health Care REITs,US,---,"$80,626,158.50 ","4,813,502"
2411053,Harley-Davidson Inc,HOG,0.15%,Automobiles,US,---,"$79,909,120.98 ","2,203,174"
2919290,Light & Wonder Inc,LNW,0.15%,"Hotels, Restaurants & Leisure",US,---,"$79,487,227.89 ","790,839"
2933632,Vornado Realty Trust,VNO,0.15%,Office REITs,US,---,"$79,218,151.10 ","3,012,097"
BNG8Z81,Coherent Corp,COHR,0.15%,"Electronic Equipment, Instruments & Components",US,---,"$79,190,839.28 ","1,331,386"
BJBT0Q4,Antero Midstream Corp,AM,0.15%,"Oil, Gas & Consumable Fuels",US,---,"$79,095,416.20 ","5,902,643"
2362128,GATX Corp,GATX,0.15%,Trading Companies & Distributors,US,---,"$79,073,704.92 ","623,413"
2626103,National Fuel Gas Co,NFG,0.15%,Gas Utilities,US,---,"$78,633,996.64 ","1,613,336"
BGHKHS1,Mr Cooper Group Inc,COOP,0.15%,Financial Services,US,---,"$78,486,550.56 ","1,101,102"
BPLYVJ1,Liberty Media Corp-Liberty SiriusXM,LSXMA,0.15%,Media,US,---,"$78,478,187.02 ","2,693,143"
2296937,IDACORP Inc,IDA,0.15%,Electric Utilities,US,---,"$78,470,766.00 ","890,600"
BN6QGL5,Apartment Income REIT Corp,AIRC,0.15%,Residential REITs,US,---,"$78,412,310.56 ","2,586,158"
2173911,Radian Group Inc,RDN,0.15%,Financial Services,US,---,"$78,402,015.06 ","2,690,529"
BFY8W20,ASGN Inc,ASGN,0.15%,Professional Services,US,---,"$78,208,441.48 ","787,439"
BLDC8J4,Organon & Co,OGN,0.15%,Pharmaceuticals,US,---,"$78,156,571.57 ","4,489,177"
2926825,Valmont Industries Inc,VMI,0.15%,Construction & Engineering,US,---,"$77,753,726.12 ","366,884"
2547323,MDU Resources Group Inc,MDU,0.15%,Construction & Engineering,US,---,"$77,542,747.60 ","3,576,695"
BFMWBV6,Equitrans Midstream Corp,ETRN,0.15%,"Oil, Gas & Consumable Fuels",US,---,"$77,269,693.18 ","7,228,222"
BMV1ZD3,Zurn Elkay Water Solutions Corp,ZWS,0.14%,Building Products,US,---,"$77,225,429.75 ","2,432,297"
2191300,American Equity Investment Life Holding Co,AEL,0.14%,Insurance,US,---,"$77,182,049.64 ","1,389,666"
BMF5Q83,FirstCash Holdings Inc,FCFS,0.14%,Consumer Finance,US,---,"$77,176,664.00 ","674,032"
BMFX6P4,Jackson Financial Inc,JXN,0.14%,Financial Services,US,---,"$76,868,572.05 ","1,396,341"
BYXJF62,Zillow Group Inc,Z,0.14%,Real Estate Management & Development,US,---,"$76,439,409.45 ","1,361,343"
B3CTNK6,Signet Jewelers Ltd,SIG,0.14%,Specialty Retail,US,---,"$76,217,120.64 ","748,989"
B0650B9,Huntsman Corp,HUN,0.14%,Chemicals,US,---,"$75,974,809.60 ","2,967,766"
BYND5N1,Ashland Inc,ASH,0.14%,Chemicals,US,---,"$75,872,933.68 ","810,262"
2601218,Moog Inc,MOG/A,0.14%,Aerospace & Defense,US,---,"$75,805,723.00 ","505,540"
2339252,White Mountains Insurance Group Ltd,WTM,0.14%,Insurance,US,---,"$75,491,979.84 ","42,761"
2855855,Asbury Automotive Group Inc,ABG,0.14%,Specialty Retail,US,---,"$75,476,591.58 ","361,426"
2354664,HB Fuller Co,FUL,0.14%,Chemicals,US,---,"$75,451,383.48 ","948,716"
B17MTL9,Home BancShares Inc/AR,HOMB,0.14%,Banks,US,---,"$74,841,599.34 ","3,190,179"
2948089,Woodward Inc,WWD,0.14%,Aerospace & Defense,US,---,"$74,595,508.86 ","527,214"
B3XS562,Air Lease Corp,AL,0.14%,Trading Companies & Distributors,US,---,"$74,408,878.30 ","1,855,583"
2020415,Hanover Insurance Group Inc/The,THG,0.14%,Insurance,US,---,"$74,367,714.61 ","565,663"
BYXD7B3,DXC Technology Co,DXC,0.14%,IT Services,US,---,"$74,335,607.66 ","3,400,531"
2048592,American Eagle Outfitters Inc,AEO,0.14%,Specialty Retail,US,---,"$74,247,155.00 ","3,126,196"
2066505,Avnet Inc,AVT,0.14%,"Electronic Equipment, Instruments & Components",US,---,"$74,176,078.77 ","1,592,103"
BPLL4V5,Knife River Corp,KNF,0.14%,Construction Materials,US,---,"$73,697,026.64 ","994,696"
2266026,First Financial Bankshares Inc,FFIN,0.14%,Banks,US,---,"$73,676,215.34 ","2,381,261"
2370585,Glacier Bancorp Inc,GBCI,0.14%,Banks,US,---,"$73,030,368.80 ","1,951,640"
BYPZJQ6,Janus Henderson Group PLC,JHG,0.14%,Capital Markets,US,---,"$72,616,011.84 ","2,330,424"
BRT46K3,Lazard Inc,LAZ,0.14%,Capital Markets,US,---,"$72,521,681.50 ","1,881,725"
2116228,CH Robinson Worldwide Inc,CHRW,0.14%,Air Freight & Logistics,US,---,"$72,218,369.60 ","974,870"
BNKVVY4,Concentrix Corp,CNXC,0.14%,Professional Services,US,---,"$72,027,109.35 ","994,163"
BNDYF48,IAC Inc,IAC,0.14%,Interactive Media & Services,US,---,"$71,949,014.40 ","1,266,708"
2590930,Middleby Corp/The,MIDD,0.13%,Machinery,US,---,"$71,624,755.20 ","470,720"
2630513,New Jersey Resources Corp,NJR,0.13%,Gas Utilities,US,---,"$71,395,561.47 ","1,715,827"
B125XQ6,Portland General Electric Co,POR,0.13%,Electric Utilities,US,---,"$71,364,013.50 ","1,776,550"
BGPZ5W8,Arcosa Inc,ACA,0.13%,Construction & Engineering,US,---,"$71,089,417.00 ","856,499"
2822019,Advance Auto Parts Inc,AAP,0.13%,Specialty Retail,US,---,"$70,679,799.52 ","1,046,488"
BF0DMK7,Iovance Biotherapeutics Inc,IOVA,0.13%,Biotechnology,US,---,"$70,270,237.94 ","4,416,734"
B1Q76J2,Enstar Group Ltd,ESGR,0.13%,Insurance,US,---,"$69,468,492.54 ","225,591"
2839268,Synaptics Inc,SYNA,0.13%,Semiconductors & Semiconductor Equipment,US,---,"$68,922,053.20 ","688,532"
BK1KWG8,Bridgebio Pharma Inc,BBIO,0.13%,Biotechnology,US,---,"$68,019,765.10 ","1,991,794"
BD6JX35,Krystal Biotech Inc,KRYS,0.13%,Biotechnology,US,---,"$67,227,448.96 ","421,568"
2242929,Amkor Technology Inc,AMKR,0.13%,Semiconductors & Semiconductor Equipment,US,---,"$67,049,481.84 ","2,161,492"
2744243,Flowers Foods Inc,FLO,0.12%,Food Products,US,---,"$66,563,365.76 ","2,968,928"
2176608,Columbia Banking System Inc,COLB,0.12%,Banks,US,---,"$66,304,101.00 ","3,663,210"
2664103,Otter Tail Corp,OTTR,0.12%,Electric Utilities,US,---,"$66,272,624.28 ","732,618"
2561204,MDC Holdings Inc,MDC,0.12%,Household Durables,US,---,"$65,861,710.20 ","1,050,426"
BD59BS7,Madrigal Pharmaceuticals Inc,MDGL,0.12%,Biotechnology,US,---,"$65,597,227.80 ","277,719"
B020GQ5,EnerSys,ENS,0.12%,Electrical Equipment,US,---,"$65,283,312.64 ","710,528"
B0LLFT5,GameStop Corp,GME,0.12%,Specialty Retail,US,---,"$65,113,924.38 ","4,562,994"
BMHWY55,Avient Corp,AVNT,0.12%,Chemicals,US,---,"$64,884,987.20 ","1,602,890"
B8GNC91,Matson Inc,MATX,0.12%,Marine Transportation,US,---,"$64,825,992.75 ","583,755"
B247H10,Teradata Corp,TDC,0.12%,Software,US,---,"$64,614,531.96 ","1,717,558"
BD06LM7,Integer Holdings Corp,ITGR,0.12%,Health Care Equipment & Supplies,US,---,"$64,550,641.49 ","585,281"
2884224,Terex Corp,TEX,0.12%,Machinery,US,---,"$64,401,469.25 ","1,122,955"
2145460,Azenta Inc,AZTA,0.12%,Life Sciences Tools & Services,US,---,"$64,231,059.25 ","985,895"
BYY9FS3,GMS Inc,GMS,0.12%,Trading Companies & Distributors,US,---,"$63,765,017.94 ","713,974"
2273446,Encore Wire Corp,WIRE,0.12%,Electrical Equipment,US,---,"$63,526,395.00 ","263,595"
B0XXJN1,PotlatchDeltic Corp,PCH,0.12%,Specialized REITs,US,---,"$63,014,647.41 ","1,393,821"
BMBK002,California Resources Corp,CRC,0.12%,"Oil, Gas & Consumable Fuels",US,---,"$62,952,912.96 ","1,206,688"
2415497,Hancock Whitney Corp,HWC,0.12%,Banks,US,---,"$62,690,260.00 ","1,437,850"
BGH1M56,Perrigo Co PLC,PRGO,0.12%,Pharmaceuticals,US,---,"$62,578,525.36 ","2,383,036"
2121352,Group 1 Automotive Inc,GPI,0.12%,Specialty Retail,US,---,"$62,519,879.35 ","230,999"
B01WL78,Belden Inc,BDC,0.12%,"Electronic Equipment, Instruments & Components",US,---,"$62,454,316.72 ","733,204"
2691305,Brink's Co/The,BCO,0.12%,Commercial Services & Supplies,US,---,"$62,261,654.40 ","751,680"
2543967,Macerich Co/The,MAC,0.12%,Retail REITs,US,---,"$62,198,100.96 ","3,790,256"
BK63SF3,Envista Holdings Corp,NVST,0.12%,Health Care Equipment & Supplies,US,---,"$62,158,833.45 ","3,010,113"
2101741,Black Hills Corp,BKH,0.12%,Multi-Utilities,US,---,"$62,139,637.12 ","1,194,304"
2935326,Valley National Bancorp,VLY,0.12%,Banks,US,---,"$62,071,911.72 ","7,578,988"
2562490,ManpowerGroup Inc,MAN,0.12%,Professional Services,US,---,"$61,959,101.60 ","858,635"
2328603,FMC Corp,FMC,0.12%,Chemicals,US,---,"$61,885,318.28 ","1,097,452"
2360326,Gap Inc/The,GPS,0.12%,Specialty Retail,US,---,"$61,768,510.62 ","3,261,273"
2809324,Silgan Holdings Inc,SLGN,0.12%,Containers & Packaging,US,---,"$61,697,941.00 ","1,405,100"
B52KRV2,Kemper Corp,KMPR,0.12%,Insurance,US,---,"$61,377,096.69 ","1,070,593"
BJP0MF6,Cousins Properties Inc,CUZ,0.11%,Office REITs,US,---,"$60,817,002.83 ","2,666,243"
B0650P3,Prestige Consumer Healthcare Inc,PBH,0.11%,Pharmaceuticals,US,---,"$60,716,969.18 ","872,621"
B92CQF3,Tri Pointe Homes Inc,TPH,0.11%,Household Durables,US,---,"$60,406,184.52 ","1,707,354"
B92RRW2,Sanmina Corp,SANM,0.11%,"Electronic Equipment, Instruments & Components",US,---,"$60,029,635.20 ","949,836"
BJN4N02,Parsons Corp,PSN,0.11%,Professional Services,US,---,"$59,501,304.18 ","738,138"
2378200,Goodyear Tire & Rubber Co/The,GT,0.11%,Automobile Components,US,---,"$59,156,994.60 ","4,979,545"
2386849,Korn Ferry,KFY,0.11%,Professional Services,US,---,"$59,024,597.10 ","927,185"
BP4CXL8,CCC Intelligent Solutions Holdings Inc,CCCS,0.11%,Software,US,---,"$58,752,407.35 ","5,017,285"
BRXYZ57,Fortrea Holdings Inc,FTRE,0.11%,Life Sciences Tools & Services,US,---,"$58,640,670.90 ","1,562,085"
2098508,Bio-Rad Laboratories Inc,BIO,0.11%,Life Sciences Tools & Services,US,---,"$58,607,236.84 ","179,843"
B2QGDP1,Hillenbrand Inc,HI,0.11%,Machinery,US,---,"$58,502,429.25 ","1,230,335"
BJTJGC4,Kontoor Brands Inc,KTB,0.11%,"Textiles, Apparel & Luxury Goods",US,---,"$58,427,102.17 ","988,447"
BYVMVV0,Park Hotels & Resorts Inc,PK,0.11%,Hotel & Resort REITs,US,---,"$58,259,658.80 ","3,509,618"
BXRTX56,Apple Hospitality REIT Inc,APLE,0.11%,Hotel & Resort REITs,US,---,"$58,193,877.57 ","3,616,773"
BJ0KXV4,ONE Gas Inc,OGS,0.11%,Gas Utilities,US,---,"$58,036,155.60 ","973,761"
2711656,New York Community Bancorp Inc,NYCB,0.11%,Banks,US,---,"$57,789,663.92 ","12,064,648"
B1HMMS7,Spirit AeroSystems Holdings Inc,SPR,0.11%,Aerospace & Defense,US,---,"$57,684,198.00 ","2,016,930"
BNKBB55,TPG Inc,TPG,0.11%,Capital Markets,US,---,"$57,608,299.45 ","1,298,947"
2951292,Enpro Inc,NPO,0.11%,Machinery,US,---,"$57,299,844.42 ","367,731"
B02R1L6,ALLETE Inc,ALE,0.11%,Electric Utilities,US,---,"$57,194,448.96 ","1,009,789"
2980906,Foot Locker Inc,FL,0.11%,Specialty Retail,US,---,"$57,033,019.56 ","1,656,492"
BLTFST7,ArcBest Corp,ARCB,0.11%,Ground Transportation,US,---,"$56,496,701.34 ","395,469"
B5NLBP6,Sabra Health Care REIT Inc,SBRA,0.11%,Health Care REITs,US,---,"$56,466,435.56 ","4,068,187"
B3NXMJ9,Wendy's Co/The,WEN,0.10%,"Hotels, Restaurants & Leisure",US,---,"$55,766,956.06 ","3,079,346"
2918510,UMB Financial Corp,UMBF,0.10%,Banks,US,---,"$55,761,991.14 ","683,274"
2227089,Piper Sandler Cos,PIPR,0.10%,Capital Markets,US,---,"$55,719,447.85 ","295,955"
2463344,Griffon Corp,GFF,0.10%,Building Products,US,---,"$55,702,281.60 ","780,144"
BF3FTF4,CNX Resources Corp,CNX,0.10%,"Oil, Gas & Consumable Fuels",US,---,"$55,639,261.40 ","2,655,812"
BNG7BZ7,Alight Inc,ALIT,0.10%,Professional Services,US,---,"$55,603,737.36 ","6,171,336"
2707826,PNM Resources Inc,PNM,0.10%,Electric Utilities,US,---,"$55,044,338.01 ","1,507,651"
BPGKM57,SL Green Realty Corp,SLG,0.10%,Office REITs,US,---,"$54,932,057.76 ","1,133,087"
BFD1TJ6,Resideo Technologies Inc,REZI,0.10%,Building Products,US,---,"$54,516,037.73 ","2,441,381"
2943523,Penske Automotive Group Inc,PAG,0.10%,Specialty Retail,US,---,"$54,464,409.50 ","354,817"
2245597,Innospec Inc,IOSP,0.10%,Chemicals,US,---,"$54,364,272.63 ","437,469"
B8XXZP1,EPR Properties,EPR,0.10%,Specialized REITs,US,---,"$54,345,224.96 ","1,322,912"
2496113,Kohl's Corp,KSS,0.10%,Broadline Retail,US,---,"$54,287,248.38 ","1,947,874"
B23DBK6,Genpact Ltd,G,0.10%,Professional Services,US,---,"$54,255,772.00 ","1,595,758"
BMXYT16,Travel + Leisure Co,TNL,0.10%,"Hotels, Restaurants & Leisure",US,---,"$54,013,317.18 ","1,208,622"
2551551,McGrath RentCorp,MGRC,0.10%,Trading Companies & Distributors,US,---,"$53,635,942.40 ","430,880"
2024332,Amedisys Inc,AMED,0.10%,Health Care Providers & Services,US,---,"$53,425,850.96 ","574,348"
2038849,Ameris Bancorp,ABCB,0.10%,Banks,US,---,"$53,396,761.23 ","1,152,531"
B4TZV44,Walker & Dunlop Inc,WD,0.10%,Financial Services,US,---,"$53,333,920.74 ","559,173"
2675097,Pinnacle Financial Partners Inc,PNFP,0.10%,Banks,US,---,"$53,091,764.00 ","641,825"
BLF9ZT2,Dun & Bradstreet Holdings Inc,DNB,0.10%,Professional Services,US,---,"$52,909,081.98 ","5,019,837"
2966876,Rush Enterprises Inc,RUSHA,0.10%,Trading Companies & Distributors,US,---,"$52,852,941.20 ","1,085,276"
B75DGJ3,Ziff Davis Inc,ZD,0.10%,Interactive Media & Services,US,---,"$52,852,098.96 ","768,646"
BF429K9,Brighthouse Financial Inc,BHF,0.10%,Insurance,US,---,"$52,573,663.10 ","1,129,402"
2055718,Associated Banc-Corp,ASB,0.10%,Banks,US,---,"$52,494,271.96 ","2,518,919"
B45K9N8,Marriott Vacations Worldwide Corp,VAC,0.10%,"Hotels, Restaurants & Leisure",US,---,"$52,415,461.02 ","562,458"
2419530,Helen of Troy Ltd,HELE,0.10%,Household Durables,US,---,"$52,228,125.00 ","417,825"
BYXJQG9,Spire Inc,SR,0.10%,Gas Utilities,US,---,"$52,217,379.12 ","880,266"
BF2X272,Warrior Met Coal Inc,HCC,0.10%,Metals & Mining,US,---,"$52,151,477.40 ","915,420"
2635701,Newell Brands Inc,NWL,0.10%,Household Durables,US,---,"$51,929,767.50 ","6,923,969"
B8FW545,Artisan Partners Asset Management Inc,APAM,0.10%,Capital Markets,US,---,"$51,910,978.90 ","1,205,270"
2862156,United Community Banks Inc/GA,UCBI,0.10%,Banks,US,---,"$51,794,675.37 ","1,991,337"
BJLTMX5,Enovis Corp,ENOV,0.10%,Health Care Equipment & Supplies,US,---,"$51,714,656.69 ","864,649"
B03PGL4,Northwestern Energy Group Inc,NWE,0.10%,Multi-Utilities,US,---,"$51,672,615.20 ","1,078,310"
2012757,Albany International Corp,AIN,0.10%,Machinery,US,---,"$51,381,997.38 ","547,374"
BZ0CTP8,Chemours Co/The,CC,0.10%,Chemicals,US,---,"$51,279,434.29 ","2,606,987"
2243911,International Bancshares Corp,IBOC,0.10%,Banks,US,---,"$50,896,565.95 ","980,855"
2246288,Federated Hermes Inc,FHI,0.10%,Capital Markets,US,---,"$50,800,532.64 ","1,441,968"
BMVBZD3,Nuvalent Inc,NUVL,0.10%,Biotechnology,US,---,"$50,793,170.16 ","603,818"
2874582,Tanger Inc,SKT,0.10%,Retail REITs,US,---,"$50,746,913.54 ","1,761,434"
BPLYVL3,Liberty Media Corp-Liberty SiriusXM,LSXMK,0.10%,Media,US,---,"$50,719,723.74 ","1,750,163"
BYY9947,Red Rock Resorts Inc,RRR,0.10%,"Hotels, Restaurants & Leisure",US,---,"$50,663,021.49 ","873,651"
BLB8B95,Arch Resources Inc,ARCH,0.10%,Metals & Mining,US,---,"$50,622,376.56 ","306,264"
2657750,CNO Financial Group Inc,CNO,0.09%,Insurance,US,---,"$50,044,283.80 ","1,875,020"
2923741,Sensient Technologies Corp,SXT,0.09%,Chemicals,US,---,"$49,730,296.00 ","743,575"
2980939,Carter's Inc,CRI,0.09%,"Textiles, Apparel & Luxury Goods",US,---,"$49,708,237.95 ","614,061"
BQ7W2W6,Crane NXT Co,CXT,0.09%,"Electronic Equipment, Instruments & Components",US,---,"$49,644,439.70 ","849,785"
2977209,Texas Capital Bancshares Inc,TCBI,0.09%,Banks,US,---,"$49,581,067.80 ","845,372"
B9HHD96,Hannon Armstrong Sustainable Infrastructure Capital Inc,HASI,0.09%,Mortgage Real Estate Investment Trusts (REITs),US,---,"$49,301,888.52 ","1,958,756"
B4MF0Q6,Select Medical Holdings Corp,SEM,0.09%,Health Care Providers & Services,US,---,"$49,147,345.31 ","1,804,897"
2781518,Scotts Miracle-Gro Co/The,SMG,0.09%,Chemicals,US,---,"$49,050,634.50 ","746,585"
BN93088,Broadstone Net Lease Inc,BNL,0.09%,Diversified REITs,US,---,"$48,992,247.15 ","3,285,865"
B94QHZ0,Blackstone Mortgage Trust Inc,BXMT,0.09%,Mortgage Real Estate Investment Trusts (REITs),US,---,"$48,891,727.71 ","2,400,183"
2682105,Penn Entertainment Inc,PENN,0.09%,"Hotels, Restaurants & Leisure",US,---,"$48,881,130.00 ","2,671,100"
2296926,First BanCorp/Puerto Rico,FBP,0.09%,Banks,US,---,"$48,856,570.98 ","2,877,301"
B011WL6,Genworth Financial Inc,GNW,0.09%,Insurance,US,---,"$48,804,345.90 ","7,935,666"
2149622,Materion Corp,MTRN,0.09%,Metals & Mining,US,---,"$48,798,590.32 ","363,301"
BZ0P3Z5,TEGNA Inc,TGNA,0.09%,Media,US,---,"$48,435,554.13 ","3,457,213"
BDVPZV0,Peabody Energy Corp,BTU,0.09%,"Oil, Gas & Consumable Fuels",US,---,"$48,432,062.67 ","1,955,271"
2930149,Vishay Intertechnology Inc,VSH,0.09%,"Electronic Equipment, Instruments & Components",US,---,"$48,177,120.00 ","2,215,040"
BDRYFB1,Spectrum Brands Holdings Inc,SPB,0.09%,Household Products,US,---,"$47,970,771.26 ","596,503"
2756152,COPT Defense Properties,CDP,0.09%,Office REITs,US,---,"$47,857,351.44 ","1,975,128"
BGK38H3,Axos Financial Inc,AX,0.09%,Banks,US,---,"$47,672,391.92 ","914,666"
BYRGSX7,Archrock Inc,AROC,0.09%,Energy Equipment & Services,US,---,"$47,660,949.00 ","2,608,700"
2024901,ABM Industries Inc,ABM,0.09%,Commercial Services & Supplies,US,---,"$47,655,339.93 ","1,153,603"
BKTNTR9,Paramount Global,PARA,0.09%,Media,US,---,"$47,430,169.44 ","4,296,211"
2933438,Urban Outfitters Inc,URBN,0.09%,Specialty Retail,US,---,"$47,351,958.90 ","1,139,638"
2264235,Cathay General Bancorp,CATY,0.09%,Banks,US,---,"$47,338,401.55 ","1,212,251"
BMP8TL6,CareTrust REIT Inc,CTRE,0.09%,Health Care REITs,US,---,"$47,167,116.96 ","2,090,741"
BD9G2S1,Gates Industrial Corp PLC,GTES,0.09%,Machinery,US,---,"$47,109,696.64 ","3,200,387"
BDC6HG1,First Hawaiian Inc,FHB,0.09%,Banks,US,---,"$47,095,820.48 ","2,246,938"
BC9S149,Physicians Realty Trust,2392595D,0.09%,Health Care REITs,US,---,"$47,069,646.60 ","4,191,420"
2267171,American States Water Co,AWR,0.09%,Water Utilities,US,---,"$46,329,594.03 ","648,783"
2814210,SkyWest Inc,SKYW,0.09%,Passenger Airlines,US,---,"$46,279,115.48 ","720,634"
2321583,ESCO Technologies Inc,ESE,0.09%,Machinery,US,---,"$46,084,031.88 ","452,292"
BKLKXD2,O-I Glass Inc,OI,0.09%,Containers & Packaging,US,---,"$45,934,026.84 ","2,714,777"
2692160,Plexus Corp,PLXS,0.09%,"Electronic Equipment, Instruments & Components",US,---,"$45,642,966.40 ","483,506"
2510682,Leggett & Platt Inc,LEG,0.09%,Household Durables,US,---,"$45,533,598.26 ","2,229,853"
2420640,Highwoods Properties Inc,HIW,0.09%,Office REITs,US,---,"$45,501,841.20 ","1,861,016"
2942605,Avista Corp,AVA,0.08%,Multi-Utilities,US,---,"$45,228,858.00 ","1,362,315"
2940375,WSFS Financial Corp,WSFS,0.08%,Banks,US,---,"$45,172,225.26 ","1,065,634"
BRJTVC5,BGC Group Inc,BGC,0.08%,Capital Markets,US,---,"$44,953,969.15 ","6,468,197"
BGL0KF5,SITE Centers Corp,SITC,0.08%,Retail REITs,US,---,"$44,901,699.64 ","3,306,458"
2466428,UniFirst Corp/MA,UNF,0.08%,Commercial Services & Supplies,US,---,"$44,866,866.00 ","265,925"
2764188,SM Energy Co,SM,0.08%,"Oil, Gas & Consumable Fuels",US,---,"$44,802,753.15 ","1,023,595"
2948852,Werner Enterprises Inc,WERN,0.08%,Ground Transportation,US,---,"$44,649,688.86 ","1,112,349"
2139151,LXP Industrial Trust,LXP,0.08%,Industrial REITs,US,---,"$44,473,897.64 ","5,135,554"
2356585,Fulton Financial Corp,FULT,0.08%,Banks,US,---,"$44,375,639.00 ","2,881,535"
B0JL5L9,Medical Properties Trust Inc,MPW,0.08%,Health Care REITs,US,---,"$44,353,810.87 ","10,535,347"
BFWCP81,ADT Inc,ADT,0.08%,Diversified Consumer Services,US,---,"$44,323,251.06 ","6,105,131"
B6T0518,Post Holdings Inc,POST,0.08%,Food Products,US,---,"$44,248,522.08 ","424,813"
2407632,Hub Group Inc,HUBG,0.08%,Air Freight & Logistics,US,---,"$44,231,200.00 ","1,040,000"
BN6QSL9,RXO Inc,RXO,0.08%,Ground Transportation,US,---,"$44,172,317.84 ","2,052,617"
BDZDRC5,Premier Inc,PINC,0.08%,Health Care Providers & Services,US,---,"$43,944,489.54 ","2,106,639"
BFZ9DB8,Atlantic Union Bankshares Corp,AUB,0.08%,Banks,US,---,"$43,779,871.92 ","1,316,292"
2117726,Brady Corp,BRC,0.08%,Commercial Services & Supplies,US,---,"$43,527,117.36 ","746,862"
2248693,Integra LifeSciences Holdings Corp,IART,0.08%,Health Care Equipment & Supplies,US,---,"$43,042,707.23 ","1,166,153"
BP5JNQ3,Vestis Corp,VSTS,0.08%,Commercial Services & Supplies,US,---,"$43,034,070.52 ","2,293,927"
BGGJFV8,Strategic Education Inc,STRA,0.08%,Diversified Consumer Services,US,---,"$42,691,375.44 ","385,336"
2222062,Community Bank System Inc,CBU,0.08%,Banks,US,---,"$42,436,224.60 ","936,782"
2074070,Bank of Hawaii Corp,BOH,0.08%,Banks,US,---,"$42,199,677.08 ","700,061"
BGM1B98,Graham Holdings Co,GHC,0.08%,Diversified Consumer Services,US,---,"$41,902,412.46 ","59,662"
2155306,MasTec Inc,MTZ,0.08%,Construction & Engineering,US,---,"$41,743,491.02 ","553,187"
B7KY3Z6,EVERTEC Inc,EVTC,0.08%,Financial Services,US,---,"$41,710,097.85 ","1,154,445"
2626125,National Health Investors Inc,NHI,0.08%,Health Care REITs,US,---,"$41,589,544.78 ","723,674"
B847RJ0,Bloomin' Brands Inc,BLMN,0.08%,"Hotels, Restaurants & Leisure",US,---,"$41,405,142.24 ","1,523,368"
2595612,Minerals Technologies Inc,MTX,0.08%,Chemicals,US,---,"$41,307,501.96 ","570,861"
B4RGHN0,First Interstate BancSystem Inc,FIBK,0.08%,Banks,US,---,"$41,213,540.48 ","1,565,864"
2672689,Patterson Cos Inc,PDCO,0.08%,Health Care Providers & Services,US,---,"$40,998,358.17 ","1,513,413"
2705198,Progress Software Corp,PRGS,0.08%,Software,US,---,"$40,791,852.40 ","764,465"
B034LG1,Sunstone Hotel Investors Inc,SHO,0.08%,Hotel & Resort REITs,US,---,"$40,481,246.13 ","3,617,627"
BK1KWF7,Grocery Outlet Holding Corp,GO,0.08%,Consumer Staples Distribution & Retail,US,---,"$40,419,506.45 ","1,567,255"
2554163,MGE Energy Inc,MGEE,0.08%,Electric Utilities,US,---,"$40,244,889.53 ","636,887"
2810133,Simmons First National Corp,SFNC,0.08%,Banks,US,---,"$40,056,460.80 ","2,086,274"
B00N2S0,Arbor Realty Trust Inc,ABR,0.07%,Mortgage Real Estate Investment Trusts (REITs),US,---,"$39,893,475.00 ","2,977,125"
2381189,Granite Construction Inc,GVA,0.07%,Construction & Engineering,US,---,"$39,717,520.45 ","770,765"
2160645,CVB Financial Corp,CVBF,0.07%,Banks,US,---,"$39,683,032.06 ","2,331,553"
2594222,MillerKnoll Inc,MLKN,0.07%,Commercial Services & Supplies,US,---,"$39,379,591.55 ","1,289,021"
2001119,AAR Corp,AIR,0.07%,Aerospace & Defense,US,---,"$39,279,261.42 ","588,189"
B01ZP20,Westlake Corp,WLK,0.07%,Chemicals,US,---,"$38,981,671.30 ","281,030"
2495529,Kilroy Realty Corp,KRC,0.07%,Office REITs,US,---,"$38,969,789.22 ","1,028,498"
BNNTGH3,Victoria's Secret & Co,VSCO,0.07%,Specialty Retail,US,---,"$38,857,650.72 ","1,360,562"
2946243,Viasat Inc,VSAT,0.07%,Communications Equipment,US,---,"$38,474,522.15 ","1,965,995"
2767217,Pacific Premier Bancorp Inc,PPBI,0.07%,Banks,US,---,"$38,465,264.70 ","1,682,645"
2447821,Independent Bank Corp,INDB,0.07%,Banks,US,---,"$38,132,252.91 ","730,923"
BLNMFN7,AvidXchange Holdings Inc,AVDX,0.07%,Financial Services,US,---,"$38,031,567.72 ","2,861,668"
2852760,JetBlue Airways Corp,JBLU,0.07%,Passenger Airlines,US,---,"$38,027,037.60 ","5,868,370"
BN48ZR2,Phillips Edison & Co Inc,PECO,0.07%,Retail REITs,US,---,"$37,474,173.48 ","1,049,109"
BSP6611,Outfront Media Inc,OUT,0.07%,Specialized REITs,US,---,"$37,442,198.97 ","2,605,581"
2111579,OSI Systems Inc,OSIS,0.07%,"Electronic Equipment, Instruments & Components",US,---,"$37,281,093.64 ","284,198"
BYXB201,Viavi Solutions Inc,VIAV,0.07%,Communications Equipment,US,---,"$37,259,019.40 ","3,901,468"
BGYTGH3,PennyMac Financial Services Inc,PFSI,0.07%,Financial Services,US,---,"$37,196,367.45 ","437,965"
B1G3M58,Douglas Emmett Inc,DEI,0.07%,Office REITs,US,---,"$36,739,953.18 ","2,779,119"
2904627,Trinity Industries Inc,TRN,0.07%,Machinery,US,---,"$36,453,953.88 ","1,436,326"
2840174,Standex International Corp,SXI,0.07%,Machinery,US,---,"$36,237,445.00 ","209,465"
BJJD5G3,Xerox Holdings Corp,XRX,0.07%,"Technology Hardware, Storage & Peripherals",US,---,"$36,179,545.30 ","1,939,922"
2193544,Brinker International Inc,EAT,0.07%,"Hotels, Restaurants & Leisure",US,---,"$36,059,702.70 ","778,155"
BMXL9H3,Eastern Bankshares Inc,EBC,0.07%,Banks,US,---,"$35,994,383.56 ","2,785,943"
BJRFSB7,Immunovant Inc,IMVT,0.07%,Biotechnology,US,---,"$35,911,125.63 ","1,015,299"
BYZFPN5,Energizer Holdings Inc,ENR,0.07%,Household Products,US,---,"$35,859,114.05 ","1,256,011"
2641827,Nordstrom Inc,JWN,0.07%,Broadline Retail,US,---,"$35,793,105.84 ","1,706,872"
2092942,PriceSmart Inc,PSMT,0.07%,Consumer Staples Distribution & Retail,US,---,"$35,737,960.16 ","424,744"
2981932,Worthington Enterprises Inc,WOR,0.07%,Household Durables,US,---,"$35,521,520.52 ","571,821"
B1GC200,Primoris Services Corp,PRIM,0.07%,Construction & Engineering,US,---,"$35,259,514.20 ","892,420"
2488121,Kennametal Inc,KMT,0.07%,Machinery,US,---,"$35,239,734.64 ","1,396,186"
B3NNTZ4,BankUnited Inc,BKU,0.07%,Banks,US,---,"$35,005,356.72 ","1,305,196"
2435246,HNI Corp,HNI,0.07%,Commercial Services & Supplies,US,---,"$34,912,770.49 ","779,129"
2342410,First Merchants Corp,FRME,0.07%,Banks,US,---,"$34,859,369.20 ","1,049,981"
B090B96,DiamondRock Hospitality Co,DRH,0.07%,Hotel & Resort REITs,US,---,"$34,700,532.40 ","3,691,546"
2109091,BOK Financial Corp,BOKF,0.06%,Banks,US,---,"$34,413,918.22 ","404,822"
2352806,First Financial Bancorp,FFBC,0.06%,Banks,US,---,"$34,398,796.60 ","1,585,198"
2632650,NCR Voyix Corp,VYX,0.06%,Software,US,---,"$34,380,456.54 ","2,353,214"
B1CL8J2,Avis Budget Group Inc,CAR,0.06%,Ground Transportation,US,---,"$34,340,622.04 ","317,851"
B1P36Y6,Central Garden & Pet Co,CENTA,0.06%,Household Products,US,---,"$34,286,479.93 ","909,697"
2849193,Verint Systems Inc,VRNT,0.06%,Software,US,---,"$33,973,764.19 ","1,074,779"
BPH3N63,Equity Commonwealth,EQC,0.06%,Office REITs,US,---,"$33,620,211.80 ","1,785,460"
B1W7RQ0,Cinemark Holdings Inc,CNK,0.06%,Entertainment,US,---,"$33,529,257.42 ","1,925,862"
B4XBDV9,Pebblebrook Hotel Trust,PEB,0.06%,Hotel & Resort REITs,US,---,"$33,461,683.20 ","2,112,480"
BMGTPK9,PowerSchool Holdings Inc,PWSC,0.06%,Software,US,---,"$33,435,238.82 ","1,600,538"
BTPSGQ9,Urban Edge Properties,UE,0.06%,Retail REITs,US,---,"$33,341,403.06 ","1,960,106"
BLPHWK6,ODP Corp/The,ODP,0.06%,Specialty Retail,US,---,"$33,306,933.76 ","589,712"
BYMYT66,Laureate Education Inc,LAUR,0.06%,Diversified Consumer Services,US,---,"$33,305,143.05 ","2,483,605"
BNT8W21,Hillman Solutions Corp,HLMN,0.06%,Machinery,US,---,"$33,267,739.46 ","3,415,579"
2762030,Bread Financial Holdings Inc,BFH,0.06%,Consumer Finance,US,---,"$33,241,969.20 ","868,390"
2845005,Stepan Co,SCL,0.06%,Chemicals,US,---,"$33,240,023.20 ","372,646"
BD3WG50,Acushnet Holdings Corp,GOLF,0.06%,Leisure Products,US,---,"$33,226,998.54 ","515,787"
BMF0P92,Aurora Innovation Inc,AUR,0.06%,Software,US,---,"$33,141,823.48 ","13,047,962"
BPLYVR9,Liberty Media Corp-Liberty Live,LLYVK,0.06%,Entertainment,US,---,"$32,884,510.78 ","825,829"
BZ12TX5,Adtalem Global Education Inc,ATGE,0.06%,Diversified Consumer Services,US,---,"$32,860,129.50 ","663,841"
2458878,Blackbaud Inc,BLKB,0.06%,Software,US,---,"$32,684,436.90 ","472,455"
2673251,Park National Corp,PRK,0.06%,Banks,US,---,"$32,683,691.28 ","254,328"
BX8ZSB4,Edgewell Personal Care Co,EPC,0.06%,Personal Care Products,US,---,"$32,472,384.15 ","850,285"
B018V76,Huron Consulting Group Inc,HURN,0.06%,Professional Services,US,---,"$32,249,050.68 ","328,636"
BYP71H7,National Vision Holdings Inc,EYE,0.06%,Specialty Retail,US,---,"$32,225,567.40 ","1,377,161"
BFZ4N46,Cushman & Wakefield PLC,CWK,0.06%,Real Estate Management & Development,US,---,"$31,845,182.94 ","3,187,706"
BGJRH57,Clearway Energy Inc,CWEN,0.06%,Independent Power and Renewable Electricity Producers,US,---,"$31,809,840.60 ","1,459,167"
BMG3PQ7,Mirion Technologies Inc,MIR,0.06%,"Electronic Equipment, Instruments & Components",US,---,"$31,775,141.76 ","3,248,992"
B1BJSL9,Hanesbrands Inc,HBI,0.06%,"Textiles, Apparel & Luxury Goods",US,---,"$31,617,993.60 ","5,855,184"
BLG38Q1,Moelis & Co,MC,0.06%,Capital Markets,US,---,"$31,602,537.96 ","584,799"
2614153,Myriad Genetics Inc,MYGN,0.06%,Biotechnology,US,---,"$31,340,875.02 ","1,497,414"
2941981,WaFd Inc,WAFD,0.06%,Banks,US,---,"$31,313,633.04 ","1,149,546"
B095X84,TreeHouse Foods Inc,THS,0.06%,Food Products,US,---,"$31,233,252.99 ","872,681"
B018PR4,Towne Bank/Portsmouth VA,TOWN,0.06%,Banks,US,---,"$31,165,466.23 ","1,149,593"
2665128,Owens & Minor Inc,OMI,0.06%,Health Care Providers & Services,US,---,"$31,118,702.58 ","1,279,026"
2274922,Andersons Inc/The,ANDE,0.06%,Consumer Staples Distribution & Retail,US,---,"$31,069,515.92 ","562,039"
2289841,Dycom Industries Inc,DY,0.06%,Construction & Engineering,US,---,"$31,031,032.76 ","245,324"
BMCRLL0,Joby Aviation Inc,JOBY,0.06%,Passenger Airlines,US,---,"$30,893,999.86 ","5,497,153"
B0WR848,H&E Equipment Services Inc,HEES,0.06%,Trading Companies & Distributors,US,---,"$30,664,410.21 ","542,829"
2067672,AZZ Inc,AZZ,0.06%,Building Products,US,---,"$30,507,859.20 ","419,064"
BJT16S6,Tronox Holdings PLC,TROX,0.06%,Chemicals,US,---,"$30,290,746.50 ","2,060,595"
2420101,Helmerich & Payne Inc,HP,0.06%,Energy Equipment & Services,US,---,"$30,248,555.92 ","787,928"
B87LKR8,OFG Bancorp,OFG,0.06%,Banks,US,---,"$30,024,496.56 ","828,948"
B0PZN11,Under Armour Inc,UAA,0.06%,"Textiles, Apparel & Luxury Goods",US,---,"$29,664,230.40 ","3,310,740"
2080732,Barnes Group Inc,B,0.06%,Machinery,US,---,"$29,562,838.82 ","846,103"
2670809,Renasant Corp,RNST,0.06%,Banks,US,---,"$29,551,209.09 ","934,869"
2566522,Acadia Realty Trust,AKR,0.05%,Retail REITs,US,---,"$29,166,545.87 ","1,779,533"
BDF9YM2,Under Armour Inc,UA,0.05%,"Textiles, Apparel & Luxury Goods",US,---,"$29,162,819.00 ","3,414,850"
BZCFW78,Global Net Lease Inc,GNL,0.05%,Diversified REITs,US,---,"$29,129,265.20 ","4,040,120"
B4Y1MH7,OPENLANE Inc,KAR,0.05%,Commercial Services & Supplies,US,---,"$29,050,411.50 ","1,902,450"
BZ8VC58,CoreCivic Inc,CXW,0.05%,Commercial Services & Supplies,US,---,"$28,942,300.04 ","1,900,348"
2508405,La-Z-Boy Inc,LZB,0.05%,Household Durables,US,---,"$28,803,866.04 ","758,196"
BMDH249,Lumen Technologies Inc,LUMN,0.05%,Diversified Telecommunication Services,US,---,"$28,798,932.78 ","17,777,119"
2953782,WesBanco Inc,WSBC,0.05%,Banks,US,---,"$28,645,889.58 ","988,471"
BYM9ZP2,Lumentum Holdings Inc,LITE,0.05%,Communications Equipment,US,---,"$28,553,434.65 ","589,095"
B2PFJR3,Dana Inc,DAN,0.05%,Automobile Components,US,---,"$28,470,875.00 ","2,277,670"
2192392,Cheesecake Factory Inc/The,CAKE,0.05%,"Hotels, Restaurants & Leisure",US,---,"$28,433,773.84 ","803,668"
BKP4ZK1,InvenTrust Properties Corp,IVT,0.05%,Retail REITs,US,---,"$28,382,010.00 ","1,124,040"
BVV6CY1,Xenia Hotels & Resorts Inc,XHR,0.05%,Hotel & Resort REITs,US,---,"$28,379,368.16 ","1,850,024"
BMG95P4,Informatica Inc,INFA,0.05%,Software,US,---,"$28,290,289.14 ","868,333"
BPW7PC0,Phinia Inc,PHIN,0.05%,Automobile Components,US,---,"$28,125,110.02 ","821,891"
BD3BX01,JBG SMITH Properties,JBGS,0.05%,Office REITs,US,---,"$27,956,599.12 ","1,686,164"
B3KKGQ8,Virtus Investment Partners Inc,VRTS,0.05%,Capital Markets,US,---,"$27,880,955.52 ","120,011"
2078782,BancFirst Corp,BANF,0.05%,Banks,US,---,"$27,839,200.08 ","317,292"
B4JTYX6,Apollo Commercial Real Estate Finance Inc,ARI,0.05%,Mortgage Real Estate Investment Trusts (REITs),US,---,"$27,775,028.21 ","2,477,701"
2388016,Greif Inc,GEF,0.05%,Containers & Packaging,US,---,"$27,551,428.74 ","427,419"
B2NC471,EchoStar Corp,SATS,0.05%,Media,US,---,"$27,407,595.57 ","2,090,587"
BMH0MP5,ServisFirst Bancshares Inc,SFBS,0.05%,Banks,US,---,"$27,275,015.65 ","431,635"
BKV9674,Reynolds Consumer Products Inc,REYN,0.05%,Household Products,US,---,"$27,268,384.00 ","924,352"
BWTVWD4,Virtu Financial Inc,VIRT,0.05%,Capital Markets,US,---,"$27,195,844.75 ","1,506,695"
BF5P189,Delek US Holdings Inc,DK,0.05%,"Oil, Gas & Consumable Fuels",US,---,"$27,145,318.55 ","1,064,105"
B28YD08,Retail Opportunity Investments Corp,ROIC,0.05%,Retail REITs,US,---,"$27,118,412.25 ","2,097,325"
B72ZBG4,Supernus Pharmaceuticals Inc,SUPN,0.05%,Pharmaceuticals,US,---,"$27,090,350.10 ","912,133"
B9M9ZZ7,Independent Bank Group Inc,IBTX,0.05%,Banks,US,---,"$27,047,486.03 ","618,511"
2210885,CSG Systems International Inc,CSGS,0.05%,Professional Services,US,---,"$27,030,988.16 ","495,436"
B6YR5K3,Telephone and Data Systems Inc,TDS,0.05%,Wireless Telecommunication Services,US,---,"$27,007,835.40 ","1,765,218"
2626459,NBT Bancorp Inc,NBTB,0.05%,Banks,US,---,"$26,969,979.21 ","784,239"
2387530,Greenbrier Cos Inc/The,GBX,0.05%,Machinery,US,---,"$26,934,943.50 ","520,482"
BRRD6G8,NCR Atleos Corp,NATL,0.05%,Financial Services,US,---,"$26,918,556.16 ","1,237,066"
2553911,Steven Madden Ltd,SHOO,0.05%,"Textiles, Apparel & Luxury Goods",US,---,"$26,700,839.20 ","623,560"
2177504,Carpenter Technology Corp,CRS,0.05%,Metals & Mining,US,---,"$26,557,767.45 ","410,793"
2665300,Oxford Industries Inc,OXM,0.05%,"Textiles, Apparel & Luxury Goods",US,---,"$26,470,799.81 ","261,079"
BMH0MV1,DNOW Inc,DNOW,0.05%,Trading Companies & Distributors,US,---,"$26,462,424.40 ","1,870,136"
2346003,Banner Corp,BANR,0.05%,Banks,US,---,"$26,399,571.20 ","602,180"
BPW6ZP0,DigitalBridge Group Inc,DBRG,0.05%,Real Estate Management & Development,US,---,"$26,276,686.81 ","1,430,413"
2515803,Vector Group Ltd,VGR,0.05%,Tobacco,US,---,"$26,058,131.28 ","2,334,958"
2437112,Horace Mann Educators Corp,HMN,0.05%,Insurance,US,---,"$26,005,446.39 ","718,581"
2340210,Trustmark Corp,TRMK,0.05%,Banks,US,---,"$26,000,265.12 ","967,992"
B4N8MH9,Pacific Biosciences of California Inc,PACB,0.05%,Life Sciences Tools & Services,US,---,"$25,948,977.53 ","4,692,401"
BYM4WL2,JELD-WEN Holding Inc,JELD,0.05%,Building Products,US,---,"$25,941,588.40 ","1,425,362"
BNLYWQ1,GEO Group Inc/The,GEO,0.05%,Commercial Services & Supplies,US,---,"$25,872,178.44 ","2,108,572"
BJTD9L6,Knowles Corp,KN,0.05%,"Electronic Equipment, Instruments & Components",US,---,"$25,839,177.30 ","1,581,345"
2733092,Upbound Group Inc,UPBD,0.05%,Specialty Retail,US,---,"$25,831,092.64 ","765,139"
2447285,NetScout Systems Inc,NTCT,0.05%,Communications Equipment,US,---,"$25,725,071.25 ","1,188,225"
2231091,Cracker Barrel Old Country Store Inc,CBRL,0.05%,"Hotels, Restaurants & Leisure",US,---,"$25,682,908.10 ","388,370"
B523Z73,Northwest Bancshares Inc,NWBI,0.05%,Banks,US,---,"$25,630,473.36 ","2,236,516"
2635659,TTM Technologies Inc,TTMI,0.05%,"Electronic Equipment, Instruments & Components",US,---,"$25,404,310.80 ","1,710,728"
BN770G0,Compass Inc,COMP,0.05%,Real Estate Management & Development,US,---,"$25,180,211.15 ","6,374,737"
BCZM468,Masonite International Corp,DOOR,0.05%,Building Products,US,---,"$25,094,252.48 ","192,677"
2161778,City Holding Co,CHCO,0.05%,Banks,US,---,"$24,923,059.20 ","248,040"
2365428,Hilltop Holdings Inc,HTH,0.05%,Banks,US,---,"$24,805,070.24 ","803,273"
BD6VBR1,Uniti Group Inc,UNIT,0.05%,Specialized REITs,US,---,"$24,628,425.58 ","4,202,803"
B14TC70,Compass Diversified Holdings,CODI,0.05%,Financial Services,US,---,"$24,597,511.00 ","1,069,457"
2469450,World Kinect Corp,WKC,0.05%,"Oil, Gas & Consumable Fuels",US,---,"$24,521,945.28 ","1,006,648"
BFMQPR2,Cannae Holdings Inc,CNNE,0.05%,Financial Services,US,---,"$24,451,753.84 ","1,120,612"
BF1Q6P8,Newmark Group Inc,NMRK,0.05%,Real Estate Management & Development,US,---,"$24,445,014.75 ","2,265,525"
2965668,John Wiley & Sons Inc,WLY,0.05%,Media,US,---,"$24,413,500.65 ","732,039"
2465737,InterDigital Inc,IDCC,0.05%,Software,US,---,"$24,204,392.34 ","226,167"
BLFGN66,PROG Holdings Inc,PRG,0.05%,Consumer Finance,US,---,"$24,169,543.02 ","782,946"
2578464,Mercury General Corp,MCY,0.04%,Insurance,US,---,"$23,698,737.63 ","486,727"
B1GZ005,Sally Beauty Holdings Inc,SBH,0.04%,Specialty Retail,US,---,"$23,614,159.44 ","1,869,688"
BLP5GX1,Navient Corp,NAVI,0.04%,Consumer Finance,US,---,"$23,584,560.90 ","1,450,465"
BDZCRX3,RingCentral Inc,RNG,0.04%,Software,US,---,"$23,411,077.62 ","700,511"
2415204,Hawaiian Electric Industries Inc,HE,0.04%,Electric Utilities,US,---,"$23,385,210.24 ","1,919,968"
2501578,Ligand Pharmaceuticals Inc,LGND,0.04%,Pharmaceuticals,US,---,"$23,128,223.85 ","291,471"
2746982,Kforce Inc,KFRC,0.04%,Professional Services,US,---,"$23,022,009.04 ","330,586"
2498788,LTC Properties Inc,LTC,0.04%,Health Care REITs,US,---,"$22,944,407.20 ","729,320"
2483223,Kaman Corp,KAMN,0.04%,Aerospace & Defense,US,---,"$22,746,268.35 ","496,535"
2269768,Dillard's Inc,DDS,0.04%,Broadline Retail,US,---,"$22,696,099.25 ","54,725"
BFNR303,Northwest Natural Holding Co,NWN,0.04%,Gas Utilities,US,---,"$22,680,226.58 ","617,317"
BF321D7,Empire State Realty Trust Inc,ESRT,0.04%,Diversified REITs,US,---,"$22,672,627.45 ","2,274,085"
2139731,National HealthCare Corp,NHC,0.04%,Health Care Providers & Services,US,---,"$22,631,913.38 ","229,393"
2369721,G-III Apparel Group Ltd,GIII,0.04%,"Textiles, Apparel & Luxury Goods",US,---,"$22,628,657.04 ","680,152"
B888DV3,National Bank Holdings Corp,NBHC,0.04%,Banks,US,---,"$22,498,524.00 ","664,850"
2351546,First Commonwealth Financial Corp,FCF,0.04%,Banks,US,---,"$22,246,444.75 ","1,707,325"
2046176,Apogee Enterprises Inc,APOG,0.04%,Building Products,US,---,"$22,225,684.53 ","388,493"
2932048,Wabash National Corp,WNC,0.04%,Machinery,US,---,"$22,141,566.48 ","811,641"
2451918,ICU Medical Inc,ICUI,0.04%,Health Care Equipment & Supplies,US,---,"$22,037,917.11 ","201,757"
BYN87K7,Hope Bancorp Inc,HOPE,0.04%,Banks,US,---,"$22,021,792.32 ","2,007,456"
2698146,Getty Realty Corp,GTY,0.04%,Retail REITs,US,---,"$22,019,008.84 ","835,319"
2149934,Buckle Inc/The,BKE,0.04%,Specialty Retail,US,---,"$21,809,597.74 ","532,721"
BJ367P1,Ladder Capital Corp,LADR,0.04%,Mortgage Real Estate Investment Trusts (REITs),US,---,"$21,758,800.40 ","2,012,840"
BLD5321,Stride Inc,LRN,0.04%,Diversified Consumer Services,US,---,"$21,667,381.50 ","362,634"
BM8Z538,Rocket Lab USA Inc,RKLB,0.04%,Aerospace & Defense,US,---,"$21,557,968.50 ","4,701,847"
2150420,Steelcase Inc,SCS,0.04%,Commercial Services & Supplies,US,---,"$21,505,229.70 ","1,565,155"
BM8MM05,Sphere Entertainment Co,SPHR,0.04%,Entertainment,US,---,"$21,501,827.40 ","496,578"
2950374,Westamerica BanCorp,WABC,0.04%,Banks,US,---,"$21,450,423.12 ","469,272"
B3V8JL7,PennyMac Mortgage Investment Trust,PMT,0.04%,Mortgage Real Estate Investment Trusts (REITs),US,---,"$21,422,719.08 ","1,516,116"
BP9S504,Two Harbors Investment Corp,TWO,0.04%,Mortgage Real Estate Investment Trusts (REITs),US,---,"$21,331,528.75 ","1,683,625"
B827VB2,Alexander & Baldwin Inc,ALEX,0.04%,Diversified REITs,US,---,"$20,780,572.68 ","1,278,018"
B1Q1RR9,Employers Holdings Inc,EIG,0.04%,Insurance,US,---,"$20,699,544.95 ","452,845"
B23PS12,CVR Energy Inc,CVI,0.04%,"Oil, Gas & Consumable Fuels",US,---,"$20,548,340.82 ","619,299"
BYX60M4,International Seaways Inc,INSW,0.04%,"Oil, Gas & Consumable Fuels",US,---,"$20,514,238.89 ","387,573"
BD8NB53,Lions Gate Entertainment Corp,LGF/B,0.04%,Entertainment,US,---,"$20,380,141.72 ","2,244,509"
BPMQ8J5,Adeia Inc,ADEA,0.04%,Software,US,---,"$20,319,499.62 ","1,791,843"
2958538,Safety Insurance Group Inc,SAFT,0.04%,Insurance,US,---,"$20,307,158.56 ","247,166"
BMZM2X1,MFA Financial Inc,MFA,0.04%,Mortgage Real Estate Investment Trusts (REITs),US,---,"$20,150,704.86 ","1,795,963"
2192314,Veris Residential Inc,VRE,0.04%,Residential REITs,US,---,"$20,144,525.20 ","1,379,762"
BR1W702,Howard Hughes Holdings Inc,HHH,0.04%,Real Estate Management & Development,US,---,"$20,104,583.60 ","263,149"
B2QXCJ9,Quanex Building Products Corp,NX,0.04%,Building Products,US,---,"$20,076,283.50 ","580,575"
BNTW041,Claros Mortgage Trust Inc,CMTG,0.04%,Mortgage Real Estate Investment Trusts (REITs),US,---,"$20,002,781.04 ","2,066,403"
2781109,S&T Bancorp Inc,STBA,0.04%,Banks,US,---,"$19,944,882.16 ","639,464"
B5L3PZ2,Pilgrim's Pride Corp,PPC,0.04%,Food Products,US,---,"$19,911,239.52 ","625,353"
BMCQX44,SIRIUSPOINT LTD,SPNT,0.04%,Insurance,US,---,"$19,909,817.34 ","1,622,642"
2942304,Elme Communities,ELME,0.04%,Residential REITs,US,---,"$19,877,652.48 ","1,543,296"
BKRT1C8,Service Properties Trust,SVC,0.04%,Hotel & Resort REITs,US,---,"$19,830,500.00 ","2,916,250"
B0X46B1,Koppers Holdings Inc,KOP,0.04%,Chemicals,US,---,"$19,723,350.52 ","348,346"
2923804,Universal Corp/VA,UVV,0.04%,Tobacco,US,---,"$19,613,381.27 ","408,527"
B15CJ33,Kaiser Aluminum Corp,KALU,0.04%,Metals & Mining,US,---,"$19,431,588.96 ","267,948"
BL97B49,Krispy Kreme Inc,DNUT,0.04%,"Hotels, Restaurants & Leisure",US,---,"$19,219,096.18 ","1,485,247"
2171603,Provident Financial Services Inc,PFS,0.04%,Banks,US,---,"$19,065,704.32 ","1,264,304"
2767756,ScanSource Inc,SCSC,0.04%,"Electronic Equipment, Instruments & Components",US,---,"$18,986,918.61 ","439,207"
2443078,Encore Capital Group Inc,ECPG,0.04%,Consumer Finance,US,---,"$18,890,688.00 ","393,556"
BN14T59,Franklin BSP Realty Trust Inc,FBRT,0.04%,Mortgage Real Estate Investment Trusts (REITs),US,---,"$18,673,863.15 ","1,446,465"
2946845,Weis Markets Inc,WMK,0.03%,Consumer Staples Distribution & Retail,US,---,"$18,455,233.66 ","284,189"
BVYJBR3,Zillow Group Inc,ZG,0.03%,Real Estate Management & Development,US,---,"$18,407,430.00 ","340,500"
2090816,Benchmark Electronics Inc,BHE,0.03%,"Electronic Equipment, Instruments & Components",US,---,"$18,290,998.84 ","595,604"
2418601,Hecla Mining Co,HL,0.03%,Metals & Mining,US,---,"$18,203,175.60 ","5,142,140"
2196190,Nelnet Inc,NNI,0.03%,Consumer Finance,US,---,"$18,133,167.90 ","211,170"
2476513,WisdomTree Inc,WT,0.03%,Capital Markets,US,---,"$18,124,231.84 ","2,248,664"
BS70KN1,Worthington Steel Inc,WS,0.03%,Metals & Mining,US,---,"$18,095,937.86 ","571,571"
BMFQC33,Hayward Holdings Inc,HAYW,0.03%,Building Products,US,---,"$18,070,348.05 ","1,221,795"
B0PZN33,Brookdale Senior Living Inc,BKD,0.03%,Health Care Providers & Services,US,---,"$17,994,702.44 ","3,145,927"
BM8NHT2,Ecovyst Inc,ECVT,0.03%,Chemicals,US,---,"$17,752,226.85 ","1,839,609"
2600088,Monro Inc,MNRO,0.03%,Specialty Retail,US,---,"$17,656,544.34 ","525,962"
BVZCNC0,Chimera Investment Corp,CIM,0.03%,Mortgage Real Estate Investment Trusts (REITs),US,---,"$17,421,282.52 ","3,995,707"
2779234,Scholastic Corp,SCHL,0.03%,Media,US,---,"$17,330,172.64 ","439,406"
BG6N6K6,Chegg Inc,CHGG,0.03%,Diversified Consumer Services,US,---,"$17,321,661.24 ","1,937,546"
BNM5672,Hertz Global Holdings Inc,HTZ,0.03%,Ground Transportation,US,---,"$17,217,703.30 ","2,193,338"
B1XHRL4,TriMas Corp,TRS,0.03%,Containers & Packaging,US,---,"$17,127,810.50 ","728,843"
BRJ8H91,ARMOUR Residential REIT Inc,ARR,0.03%,Mortgage Real Estate Investment Trusts (REITs),US,---,"$17,083,657.80 ","862,811"
BN2W9T6,Apartment Investment and Management Co,AIV,0.03%,Residential REITs,US,---,"$17,039,504.88 ","2,308,876"
BSHZ3P9,PRA Group Inc,PRAA,0.03%,Consumer Finance,US,---,"$16,783,079.40 ","656,615"
BMYVSM0,Callon Petroleum Co,CPE,0.03%,"Oil, Gas & Consumable Fuels",US,---,"$16,716,966.08 ","536,488"
BLFDXF6,StepStone Group Inc,STEP,0.03%,Capital Markets,US,---,"$16,645,463.86 ","479,282"
2417619,Healthcare Services Group Inc,HCSG,0.03%,Commercial Services & Supplies,US,---,"$16,595,400.80 ","1,300,580"
B6T6J81,Proto Labs Inc,PRLB,0.03%,Machinery,US,---,"$16,545,012.37 ","454,159"
B7M66F1,MRC Global Inc,MRC,0.03%,Trading Companies & Distributors,US,---,"$16,262,822.87 ","1,410,479"
2060370,Astec Industries Inc,ASTE,0.03%,Machinery,US,---,"$16,256,808.40 ","400,414"
2118707,Fresh Del Monte Produce Inc,FDP,0.03%,Food Products,US,---,"$16,228,368.80 ","678,160"
B3N6F00,Thermon Group Holdings Inc,THR,0.03%,Electrical Equipment,US,---,"$16,213,261.90 ","594,110"
BYSPYB3,National Western Life Group Inc,NWLI,0.03%,Insurance,US,---,"$16,159,131.24 ","33,278"
BH3T5K7,Enerpac Tool Group Corp,EPAC,0.03%,Machinery,US,---,"$16,131,718.24 ","478,544"
B034L49,B&G Foods Inc,BGS,0.03%,Food Products,US,---,"$15,991,991.40 ","1,384,588"
BCBVTX1,Agios Pharmaceuticals Inc,AGIO,0.03%,Biotechnology,US,---,"$15,908,421.12 ","492,216"
BN7VBP8,BrightSpire Capital Inc,BRSP,0.03%,Mortgage Real Estate Investment Trusts (REITs),US,---,"$15,827,852.52 ","2,290,572"
2492337,Hain Celestial Group Inc/The,HAIN,0.03%,Food Products,US,---,"$15,809,700.00 ","1,580,970"
2782038,Mativ Holdings Inc,MATV,0.03%,Chemicals,US,---,"$15,752,279.79 ","906,867"
B64B9P8,Hudson Pacific Properties Inc,HPP,0.03%,Office REITs,US,---,"$15,749,878.72 ","2,484,208"
2208136,Coeur Mining Inc,CDE,0.03%,Metals & Mining,US,---,"$15,707,321.77 ","6,064,603"
BNR4QY1,Crescent Energy Co,CRGY,0.03%,"Oil, Gas & Consumable Fuels",US,---,"$15,699,425.56 ","1,404,242"
2606570,Berkshire Hills Bancorp Inc,BHLB,0.03%,Banks,US,---,"$15,694,232.96 ","730,304"
BNZFTG9,Enact Holdings Inc,ACT,0.03%,Financial Services,US,---,"$15,594,495.84 ","562,572"
BDDXF67,Innoviva Inc,INVA,0.03%,Pharmaceuticals,US,---,"$15,522,646.40 ","1,015,880"
2895163,United Natural Foods Inc,UNFI,0.03%,Consumer Staples Distribution & Retail,US,---,"$15,502,462.71 ","993,111"
BYVN953,Schneider National Inc,SNDR,0.03%,Ground Transportation,US,---,"$15,498,655.35 ","658,117"
BFFVV54,Avanos Medical Inc,AVNS,0.03%,Health Care Equipment & Supplies,US,---,"$15,185,858.91 ","817,763"
BNLYJ71,Couchbase Inc,BASE,0.03%,IT Services,US,---,"$15,130,121.76 ","538,822"
BN4G703,AMC Entertainment Holdings Inc,AMC,0.03%,Entertainment,US,---,"$15,097,000.32 ","3,494,676"
B3NTLD4,American Assets Trust Inc,AAT,0.03%,Diversified REITs,US,---,"$15,000,640.80 ","695,440"
2260363,Deluxe Corp,DLX,0.03%,Commercial Services & Supplies,US,---,"$14,923,553.19 ","768,859"
BK95GR4,LendingClub Corp,LC,0.03%,Consumer Finance,US,---,"$14,880,584.84 ","1,834,844"
BFWGXV2,Marcus & Millichap Inc,MMI,0.03%,Real Estate Management & Development,US,---,"$14,857,065.15 ","404,935"
BN47P80,Centerspace,CSR,0.03%,Residential REITs,US,---,"$14,737,075.77 ","265,103"
2568090,Matthews International Corp,MATW,0.03%,Commercial Services & Supplies,US,---,"$14,724,324.72 ","508,788"
BM9NG38,E2open Parent Holdings Inc,ETWO,0.03%,Software,US,---,"$14,687,456.76 ","3,472,212"
2967675,Brookline Bancorp Inc,BRKL,0.03%,Banks,US,---,"$14,534,301.42 ","1,487,646"
B0539H3,Herbalife Ltd,HLF,0.03%,Personal Care Products,US,---,"$14,531,610.47 ","1,645,709"
2030674,American Woodmark Corp,AMWD,0.03%,Building Products,US,---,"$14,490,293.44 ","144,556"
BPLYVQ8,Liberty Media Corp-Liberty Live,LLYVA,0.03%,Entertainment,US,---,"$14,487,843.70 ","375,430"
BMXWYR1,Embecta Corp,EMBC,0.03%,Health Care Equipment & Supplies,US,---,"$14,413,875.00 ","1,009,375"
BHRWS81,Levi Strauss & Co,LEVI,0.03%,"Textiles, Apparel & Luxury Goods",US,---,"$14,405,757.44 ","792,832"
BVGC697,Vista Outdoor Inc,VSTO,0.03%,Leisure Products,US,---,"$14,359,737.60 ","460,248"
2786687,Seaboard Corp,SEB,0.03%,Food Products,US,---,"$14,090,610.74 ","4,286"
BNKGY06,First Advantage Corp,FA,0.03%,Professional Services,US,---,"$14,001,684.30 ","894,105"
BDRW1P1,REV Group Inc,REVG,0.03%,Machinery,US,---,"$13,974,126.24 ","677,041"
B3M3278,Piedmont Office Realty Trust Inc,PDM,0.03%,Office REITs,US,---,"$13,661,928.72 ","2,178,936"
2382416,American Axle & Manufacturing Holdings Inc,AXL,0.03%,Automobile Components,US,---,"$13,546,384.40 ","1,957,570"
2677640,Pediatrix Medical Group Inc,MD,0.03%,Health Care Providers & Services,US,---,"$13,539,538.65 ","1,479,731"
2977500,Wolverine World Wide Inc,WWW,0.03%,"Textiles, Apparel & Luxury Goods",US,---,"$13,533,930.90 ","1,330,770"
2856289,Sturm Ruger & Co Inc,RGR,0.03%,Leisure Products,US,---,"$13,519,998.72 ","312,096"
BFNF1D6,Amneal Pharmaceuticals Inc,AMRX,0.03%,Pharmaceuticals,US,---,"$13,491,338.16 ","2,444,083"
BFYVKR0,Victory Capital Holdings Inc,VCTR,0.03%,Capital Markets,US,---,"$13,396,467.42 ","348,594"
2938002,Air Transport Services Group Inc,ATSG,0.02%,Air Freight & Logistics,US,---,"$13,187,247.48 ","1,092,564"
2387109,Guess? Inc,GES,0.02%,Specialty Retail,US,---,"$13,174,021.98 ","519,071"
B3KWJV0,Capitol Federal Financial Inc,CFFN,0.02%,Banks,US,---,"$13,172,458.44 ","2,275,036"
2487117,Kelly Services Inc,KELYA,0.02%,Professional Services,US,---,"$13,113,958.77 ","534,609"
2518954,Brandywine Realty Trust,BDN,0.02%,Office REITs,US,---,"$13,052,275.90 ","3,035,413"
BK8MDM0,Helios Technologies Inc,HLIO,0.02%,Machinery,US,---,"$12,836,744.95 ","290,753"
2583297,Methode Electronics Inc,MEI,0.02%,"Electronic Equipment, Instruments & Components",US,---,"$12,833,739.90 ","602,523"
2730877,Redwood Trust Inc,RWT,0.02%,Mortgage Real Estate Investment Trusts (REITs),US,---,"$12,769,727.89 ","2,083,153"
B3RDWC8,MaxLinear Inc,MXL,0.02%,Semiconductors & Semiconductor Equipment,US,---,"$12,552,233.04 ","645,691"
2456957,Dine Brands Global Inc,DIN,0.02%,"Hotels, Restaurants & Leisure",US,---,"$12,536,051.22 ","258,422"
BM9XCN0,F&G Annuities & Life Inc,FG,0.02%,Insurance,US,---,"$12,518,251.88 ","331,346"
B7ZKH46,Ambac Financial Group Inc,AMBC,0.02%,Insurance,US,---,"$12,369,468.80 ","756,080"
BDQYWV1,Varex Imaging Corp,VREX,0.02%,Health Care Equipment & Supplies,US,---,"$12,268,175.20 ","713,266"
BYXR9C0,ProPetro Holding Corp,PUMP,0.02%,Energy Equipment & Services,US,---,"$12,215,971.80 ","1,650,807"
BGJRH35,Clearway Energy Inc,CWEN/A,0.02%,Independent Power and Renewable Electricity Producers,US,---,"$12,149,739.66 ","599,691"
2125246,Sonic Automotive Inc,SAH,0.02%,Specialty Retail,US,---,"$12,126,975.00 ","230,990"
2795542,Semtech Corp,SMTC,0.02%,Semiconductors & Semiconductor Equipment,US,---,"$11,967,760.40 ","564,517"
2648055,Eagle Bancorp Inc,EGBN,0.02%,Banks,US,---,"$11,927,150.40 ","500,720"
2690506,Pitney Bowes Inc,PBI,0.02%,Commercial Services & Supplies,US,---,"$11,889,580.04 ","2,950,268"
B5T0CW1,Anywhere Real Estate Inc,HOUS,0.02%,Real Estate Management & Development,US,---,"$11,576,206.95 ","1,846,285"
BWX4MD9,Caleres Inc,CAL,0.02%,Specialty Retail,US,---,"$11,478,946.05 ","297,305"
BDRY7P9,Altice USA Inc,ATUS,0.02%,Media,US,---,"$11,376,486.99 ","3,830,467"
BD0MGM0,Kiniksa Pharmaceuticals Ltd,KNSA,0.02%,Biotechnology,US,---,"$11,205,700.94 ","530,071"
2612737,ProAssurance Corp,PRA,0.02%,Insurance,US,---,"$11,067,999.84 ","897,648"
2828147,Heartland Financial USA Inc,HTLF,0.02%,Banks,US,---,"$10,855,248.00 ","319,272"
BD8NBC0,Lions Gate Entertainment Corp,LGF/A,0.02%,Entertainment,US,---,"$10,792,140.66 ","1,111,446"
2616870,Nu Skin Enterprises Inc,NUS,0.02%,Personal Care Products,US,---,"$10,776,775.00 ","862,142"
2414018,Heartland Express Inc,HTLD,0.02%,Ground Transportation,US,---,"$10,671,619.50 ","835,025"
B7LG306,Hyster-Yale Materials Handling Inc,HY,0.02%,Machinery,US,---,"$10,665,346.56 ","181,137"
BYWLRV8,Conduent Inc,CNDT,0.02%,Professional Services,US,---,"$10,532,079.44 ","3,061,651"
2789523,Omnicell Inc,OMCL,0.02%,Health Care Equipment & Supplies,US,---,"$10,494,268.16 ","399,934"
BMX7WP0,SolarWinds Corp,SWI,0.02%,Software,US,---,"$10,462,938.42 ","876,293"
BF16ZX9,Forestar Group Inc,FOR,0.02%,Real Estate Management & Development,US,---,"$10,371,867.36 ","307,588"
BN4JNC6,Klaviyo Inc,KVYO,0.02%,Software,US,---,"$10,216,439.00 ","385,526"
BYXHTC0,Cars.com Inc,CARS,0.02%,Interactive Media & Services,US,---,"$10,163,111.00 ","554,150"
2028174,U-Haul Holding Co,UHAL,0.02%,Ground Transportation,US,---,"$10,136,631.00 ","157,450"
BJNPYY6,Cerence Inc,CRNC,0.02%,Software,US,---,"$10,055,816.30 ","674,887"
BPBLNG3,Udemy Inc,UDMY,0.02%,Diversified Consumer Services,US,---,"$9,917,049.50 ","877,615"
B4WXG84,United Fire Group Inc,UFCS,0.02%,Insurance,US,---,"$9,844,124.04 ","422,676"
2267698,USANA Health Sciences Inc,USNA,0.02%,Personal Care Products,US,---,"$9,753,683.82 ","202,107"
2888613,Tompkins Financial Corp,TMP,0.02%,Banks,US,---,"$9,735,544.00 ","202,150"
BMZ2WT7,Bumble Inc,BMBL,0.02%,Interactive Media & Services,US,---,"$9,643,224.35 ","842,203"
BJHVCH9,Clear Channel Outdoor Holdings Inc,CCO,0.02%,Media,US,---,"$9,511,971.52 ","5,530,216"
BDCBXH9,Camping World Holdings Inc,CWH,0.02%,Specialty Retail,US,---,"$9,462,725.98 ","354,542"
2893071,Triumph Group Inc,TGI,0.02%,Aerospace & Defense,US,---,"$9,407,923.10 ","676,829"
BN78784,Pactiv Evergreen Inc,PTVE,0.02%,Containers & Packaging,US,---,"$9,272,794.00 ","628,664"
BLB0YH0,Day One Biopharmaceuticals Inc,DAWN,0.02%,Biotechnology,US,---,"$8,977,602.41 ","536,617"
B0G7SZ5,ACCO Brands Corp,ACCO,0.02%,Commercial Services & Supplies,US,---,"$8,861,614.74 ","1,588,103"
BLH3WV3,Duckhorn Portfolio Inc/The,NAPA,0.02%,Beverages,US,---,"$8,694,897.90 ","914,290"
BMBX3P7,Vitesse Energy Inc,VTS,0.02%,"Oil, Gas & Consumable Fuels",US,---,"$8,643,150.69 ","380,253"
2821298,Radius Recycling Inc,RDUS,0.02%,Metals & Mining,US,---,"$8,553,748.32 ","432,882"
2777777,Saul Centers Inc,BFS,0.02%,Retail REITs,US,---,"$8,394,740.97 ","231,963"
BF0YMC2,KKR Real Estate Finance Trust Inc,KREF,0.02%,Mortgage Real Estate Investment Trusts (REITs),US,---,"$8,333,178.75 ","854,685"
BRJX4J5,Sinclair Inc,SBGI,0.02%,Media,US,---,"$8,314,737.75 ","559,915"
2202763,Compass Minerals International Inc,CMP,0.02%,Metals & Mining,US,---,"$8,263,951.20 ","362,454"
B298495,Kennedy-Wilson Holdings Inc,KW,0.02%,Real Estate Management & Development,US,---,"$8,091,928.96 ","921,632"
2918996,United States Cellular Corp,USM,0.01%,Wireless Telecommunication Services,US,---,"$7,987,542.15 ","228,935"
BJ9J282,Designer Brands Inc,DBI,0.01%,Specialty Retail,US,---,"$7,968,924.48 ","754,633"
BQFMQ93,Enhabit Inc,EHAB,0.01%,Health Care Providers & Services,US,---,"$7,946,127.00 ","882,903"
BFMB9P3,Columbia Financial Inc,CLBK,0.01%,Banks,US,---,"$7,728,741.37 ","461,969"
BKVDKY1,Multiplan Corp,MPLN,0.01%,Health Care Technology,US,---,"$7,687,009.12 ","6,863,401"
2934033,Medifast Inc,MED,0.01%,Personal Care Products,US,---,"$7,685,693.99 ","191,711"
B86V808,Interface Inc,TILE,0.01%,Commercial Services & Supplies,US,---,"$7,642,655.28 ","486,174"
BMBR683,N-able Inc,NABL,0.01%,Software,US,---,"$7,593,995.37 ","563,771"
BRBCSP4,CG oncology Inc,CGON,0.01%,Biotechnology,US,---,"$7,458,432.78 ","166,818"
2379281,Gorman-Rupp Co/The,GRC,0.01%,Machinery,US,---,"$7,319,255.77 ","196,069"
2183868,Central Garden & Pet Co,CENT,0.01%,Household Products,US,---,"$7,318,217.92 ","166,816"
2626802,National Presto Industries Inc,NPK,0.01%,Aerospace & Defense,US,---,"$7,233,680.19 ","93,543"
2981181,World Acceptance Corp,WRLD,0.01%,Consumer Finance,US,---,"$7,221,767.52 ","60,302"
BNRR1B2,Atmus Filtration Technologies Inc,ATMU,0.01%,Automobile Components,US,---,"$7,181,790.77 ","300,871"
B4MG4Z6,AMC Networks Inc,AMCX,0.01%,Media,US,---,"$6,944,639.20 ","536,680"
BKF9D68,AssetMark Financial Holdings Inc,AMK,0.01%,Capital Markets,US,---,"$6,933,867.15 ","196,149"
2200552,BJ's Restaurants Inc,BJRI,0.01%,"Hotels, Restaurants & Leisure",US,---,"$6,807,852.98 ","194,399"
BMGH6N3,ZipRecruiter Inc,ZIP,0.01%,Interactive Media & Services,US,---,"$6,791,220.72 ","533,901"
BZ1N455,RMR Group Inc/The,RMR,0.01%,Real Estate Management & Development,US,---,"$6,431,327.75 ","262,825"
2966865,Rush Enterprises Inc,RUSHB,0.01%,Trading Companies & Distributors,US,---,"$6,273,239.85 ","124,395"
B3ZG8F4,Spirit Airlines Inc,SAVE,0.01%,Passenger Airlines,US,---,"$6,200,681.70 ","961,346"
BNKT9M2,Core Laboratories Inc,CLB,0.01%,Energy Equipment & Services,US,---,"$6,158,867.58 ","411,414"
BY3H7G0,Kearny Financial Corp/MD,KRNY,0.01%,Banks,US,---,"$6,144,879.36 ","966,176"
BNDQ9Y2,GCM Grosvenor Inc,GCMG,0.01%,Capital Markets,US,---,"$6,127,460.57 ","723,431"
BFZP4T1,GrafTech International Ltd,EAF,0.01%,Electrical Equipment,US,---,"$5,970,083.68 ","3,392,093"
BF950B1,TTEC Holdings Inc,TTEC,0.01%,Professional Services,US,---,"$5,830,655.75 ","334,135"
B3M7R64,Summit Hotel Properties Inc,INN,0.01%,Hotel & Resort REITs,US,---,"$5,778,083.46 ","900,013"
BG0ZML1,BrightView Holdings Inc,BV,0.01%,Commercial Services & Supplies,US,---,"$5,743,783.37 ","659,447"
BMYGG87,Smith & Wesson Brands Inc,SWBI,0.01%,Leisure Products,US,---,"$5,579,144.31 ","406,347"
2412700,Enviri Corp,NVRI,0.01%,Commercial Services & Supplies,US,---,"$5,532,198.12 ","703,842"
BNC2MS6,Advantage Solutions Inc,ADV,0.01%,Media,US,---,"$5,476,063.47 ","1,437,287"
BMYR6Y6,Thoughtworks Holding Inc,TWKS,<0.01%,IT Services,US,---,"$5,246,442.24 ","1,681,552"
BN2QTD2,Excelerate Energy Inc,EE,<0.01%,"Oil, Gas & Consumable Fuels",US,---,"$5,083,691.40 ","323,802"
BMDJ3B9,UWM Holdings Corp,UWMC,<0.01%,Financial Services,US,---,"$5,004,937.74 ","784,473"
BMNQC35,GoPro Inc,GPRO,<0.01%,Household Durables,US,---,"$4,924,873.98 ","2,104,647"
2862532,EW Scripps Co/The,SSP,<0.01%,Media,US,---,"$4,901,680.94 ","1,216,298"
2014021,Alexander's Inc,ALX,<0.01%,Retail REITs,US,---,"$4,472,283.60 ","20,232"
BQ3R1Y0,Getty Images Holdings Inc,GETY,<0.01%,Interactive Media & Services,US,---,"$4,179,937.60 ","885,580"
BF2F1Q0,TPG RE Finance Trust Inc,TRTX,<0.01%,Mortgage Real Estate Investment Trusts (REITs),US,---,"$4,102,159.16 ","548,417"
2398855,Forrester Research Inc,FORR,<0.01%,Professional Services,US,---,"$4,100,318.96 ","203,288"
BPJM8Q3,BrightSpring Health Services Inc,BTSG,<0.01%,Health Care Providers & Services,US,---,"$4,053,492.11 ","450,889"
BL53YS6,Bridge Investment Group Holdings Inc,BRDG,<0.01%,Capital Markets,US,---,"$4,019,647.50 ","535,953"
BQV3RS6,Xperi Inc,XPER,<0.01%,Software,US,---,"$3,989,998.96 ","364,051"
BNRQM83,Petco Health & Wellness Co Inc,WOOF,<0.01%,Specialty Retail,US,---,"$3,685,983.60 ","1,417,686"
2166397,Kronos Worldwide Inc,KRO,<0.01%,Chemicals,US,---,"$3,683,849.76 ","405,264"
BNBV240,BRC Inc,BRCC,<0.01%,Food Products,US,---,"$3,449,632.06 ","835,262"
BPCJW03,ProFrac Holding Corp,ACDC,<0.01%,Energy Equipment & Services,US,---,"$3,444,941.56 ","421,142"
2115902,OPKO Health Inc,OPK,<0.01%,Health Care Providers & Services,US,---,"$3,403,811.00 ","3,403,811"
B3WNNP3,Green Dot Corp,GDOT,<0.01%,Consumer Finance,US,---,"$3,226,759.88 ","393,028"
BNXK803,NuScale Power Corp,SMR,<0.01%,Electrical Equipment,US,---,"$3,138,746.90 ","1,012,499"
BZ6CCH5,loanDepot Inc,LDI,<0.01%,Financial Services,US,---,"$2,696,107.35 ","1,057,297"
BVFNZL6,Digital Turbine Inc,APPS,<0.01%,Software,US,---,"$2,684,264.07 ","846,771"
BMXDS27,Cricut Inc,CRCT,<0.01%,Household Durables,US,---,"$2,455,383.63 ","508,361"
2394080,Greif Inc,GEF/B,<0.01%,Containers & Packaging,US,---,"$2,344,924.56 ","36,628"
BL95N25,Phibro Animal Health Corp,PAHC,<0.01%,Pharmaceuticals,US,---,"$2,317,663.71 ","179,247"
BFRBX34,CommScope Holding Co Inc,COMM,<0.01%,Communications Equipment,US,---,"$2,069,279.99 ","1,776,206"
BNKJ933,Olaplex Holdings Inc,OLPX,<0.01%,Personal Care Products,US,---,"$1,607,237.16 ","864,106"
BKTNTP7,Paramount Global,PARAA,<0.01%,Media,US,---,"$1,491,431.08 ","70,751"
BM9CKX3,23andMe Holding Co,ME,<0.01%,Health Care Providers & Services,US,---,"$1,487,829.96 ","2,610,228"
BNQQ6C6,Beauty Health Co/The,SKIN,<0.01%,Personal Care Products,US,---,"$1,250,148.60 ","375,420"
BRDV332,Net Power Inc,NPWR,<0.01%,Electrical Equipment,US,---,"$997,704.06 ","122,118"
BYQN8D9,WideOpenWest Inc,WOW,<0.01%,Media,US,---,"$885,496.00 ","221,374"
BZ6VMW7,Associated Capital Group Inc,AC,<0.01%,Capital Markets,US,---,"$825,842.00 ","24,652"
BLBM4T8,OPAL Fuels Inc,OPAL,<0.01%,"Oil, Gas & Consumable Fuels",US,---,"$764,876.48 ","160,016"
BND9KF9,ProKidney Corp,PROK,<0.01%,Biotechnology,US,---,"$385,775.36 ","236,672"
BN4JN37,Neumora Therapeutics Inc,NMRA,<0.01%,Pharmaceuticals,US,---,"$87,867.92 ","4,984"
BN4L6W3,Maplebear Inc,CART,<0.01%,Consumer Staples Distribution & Retail,US,---,"$77,607.90 ","2,385"
BR2P4V0,MSP Recovery Inc,LIFW,<0.01%,Health Care Providers & Services,US,---,"$38,822.90 ","45,674"
B60WSC5,Synergy Pharmaceuticals LLC,SGYPQ,<0.01%,Biotechnology,US,---,$11.70 ,"1,169,882"
---,OMNIAB INC - 15 EARNOUT,---,<0.01%,---,US,---,$0.54 ,"53,581"
---,OMNIAB INC - 12.5 EARNOUT,---,<0.01%,---,US,---,$0.54 ,"53,581"
BDFS3G6,Ready Capital Corp,RC,<0.01%,Mortgage Real Estate Investment Trusts (REITs),US,---,$0.18 ,0.02
,,,,,,,,
,,,,,,,,
,,,,,,,,
,,,,,,,,
,,,,,,,,
,,,,,,,,
,,,,,,,,
,,,,,,,,
,,,,,,,,
,,,,,,,,
,,,,,,,,
,,,,,,,,
,,,,,,,,
,,,,,,,,
,,,,,,,,
,,,,,,,,
,,,,,,,,
